{"format_version": 1, "servers": [{"name": "example_project", "service": {"target": "localhost:8002", "options": [["grpc.max_send_message_length", 2147483647], ["grpc.max_receive_message_length", 2147483647]]}, "admin_host": "localhost", "admin_port": 8003, "ssl_private_key": "server.key", "ssl_cert": "server.crt", "ssl_root_cert": "rootCA.pem", "max_num_clients": 100, "heart_beat_timeout": 600, "num_server_workers": 4, "compression": "Gzip", "admin_storage": "transfer", "min_num_clients": 1}] }