2025-11-29 12:46:58+00:00,43d96f8b096b,prod_00-admin-run-19ec4fad257b,0.04%,39.91MiB / 246.6GiB
2025-11-29 12:46:58+00:00,278c86848d68,site-1,4.49%,60.48MiB / 246.6GiB
2025-11-29 12:46:58+00:00,2356666b517a,site-5,4.50%,60.24MiB / 246.6GiB
2025-11-29 12:46:58+00:00,e201cdd8f6d4,server1,1.60%,60.54MiB / 246.6GiB
2025-11-29 12:46:58+00:00,1cf4e2b93527,site-2,4.43%,59.32MiB / 246.6GiB
2025-11-29 12:46:58+00:00,f0299ef4ad8e,site-4,0.03%,59.95MiB / 246.6GiB
2025-11-29 12:46:58+00:00,09ba41e96841,site-3,0.03%,59.82MiB / 246.6GiB
2025-11-29 12:46:58+00:00,87633adfad36,site-6,0.53%,59.18MiB / 246.6GiB
2025-11-29 12:47:05+00:00,43d96f8b096b,prod_00-admin-run-19ec4fad257b,0.02%,54.6MiB / 246.6GiB
2025-11-29 12:47:05+00:00,278c86848d68,site-1,0.04%,60.48MiB / 246.6GiB
2025-11-29 12:47:05+00:00,2356666b517a,site-5,0.04%,60.26MiB / 246.6GiB
2025-11-29 12:47:05+00:00,e201cdd8f6d4,server1,0.09%,63.13MiB / 246.6GiB
2025-11-29 12:47:05+00:00,1cf4e2b93527,site-2,0.04%,59.34MiB / 246.6GiB
2025-11-29 12:47:05+00:00,f0299ef4ad8e,site-4,0.05%,59.95MiB / 246.6GiB
2025-11-29 12:47:05+00:00,09ba41e96841,site-3,0.04%,59.82MiB / 246.6GiB
2025-11-29 12:47:05+00:00,87633adfad36,site-6,0.03%,59.34MiB / 246.6GiB
2025-11-29 12:47:13+00:00,43d96f8b096b,prod_00-admin-run-19ec4fad257b,0.00%,56.56MiB / 246.6GiB
2025-11-29 12:47:13+00:00,278c86848d68,site-1,80.48%,217.2MiB / 246.6GiB
2025-11-29 12:47:13+00:00,2356666b517a,site-5,79.07%,217.8MiB / 246.6GiB
2025-11-29 12:47:13+00:00,e201cdd8f6d4,server1,166.64%,186.2MiB / 246.6GiB
2025-11-29 12:47:13+00:00,1cf4e2b93527,site-2,78.24%,215.7MiB / 246.6GiB
2025-11-29 12:47:13+00:00,f0299ef4ad8e,site-4,77.47%,217.2MiB / 246.6GiB
2025-11-29 12:47:13+00:00,09ba41e96841,site-3,80.12%,216.2MiB / 246.6GiB
2025-11-29 12:47:13+00:00,87633adfad36,site-6,78.12%,215.3MiB / 246.6GiB
2025-11-29 12:47:20+00:00,43d96f8b096b,prod_00-admin-run-19ec4fad257b,0.02%,56.56MiB / 246.6GiB
2025-11-29 12:47:20+00:00,278c86848d68,site-1,0.65%,240.3MiB / 246.6GiB
2025-11-29 12:47:20+00:00,2356666b517a,site-5,0.67%,241.4MiB / 246.6GiB
2025-11-29 12:47:20+00:00,e201cdd8f6d4,server1,188.03%,2.552GiB / 246.6GiB
2025-11-29 12:47:20+00:00,1cf4e2b93527,site-2,0.66%,239.4MiB / 246.6GiB
2025-11-29 12:47:20+00:00,f0299ef4ad8e,site-4,0.55%,240.5MiB / 246.6GiB
2025-11-29 12:47:20+00:00,09ba41e96841,site-3,0.62%,240.1MiB / 246.6GiB
2025-11-29 12:47:20+00:00,87633adfad36,site-6,0.72%,237.1MiB / 246.6GiB
2025-11-29 12:47:28+00:00,43d96f8b096b,prod_00-admin-run-19ec4fad257b,0.00%,56.56MiB / 246.6GiB
2025-11-29 12:47:28+00:00,278c86848d68,site-1,95.22%,301.3MiB / 246.6GiB
2025-11-29 12:47:28+00:00,2356666b517a,site-5,95.07%,302.6MiB / 246.6GiB
2025-11-29 12:47:28+00:00,e201cdd8f6d4,server1,102.50%,5.145GiB / 246.6GiB
2025-11-29 12:47:28+00:00,1cf4e2b93527,site-2,49.91%,270.2MiB / 246.6GiB
2025-11-29 12:47:28+00:00,f0299ef4ad8e,site-4,20.47%,265.8MiB / 246.6GiB
2025-11-29 12:47:28+00:00,09ba41e96841,site-3,50.83%,270.6MiB / 246.6GiB
2025-11-29 12:47:28+00:00,87633adfad36,site-6,99.22%,299.3MiB / 246.6GiB
2025-11-29 12:47:35+00:00,43d96f8b096b,prod_00-admin-run-19ec4fad257b,0.01%,56.56MiB / 246.6GiB
2025-11-29 12:47:35+00:00,278c86848d68,site-1,152.88%,1.562GiB / 246.6GiB
2025-11-29 12:47:35+00:00,2356666b517a,site-5,144.24%,1.585GiB / 246.6GiB
2025-11-29 12:47:35+00:00,e201cdd8f6d4,server1,107.39%,14.52GiB / 246.6GiB
2025-11-29 12:47:35+00:00,1cf4e2b93527,site-2,140.00%,1.426GiB / 246.6GiB
2025-11-29 12:47:35+00:00,f0299ef4ad8e,site-4,137.85%,1.452GiB / 246.6GiB
2025-11-29 12:47:35+00:00,09ba41e96841,site-3,147.21%,1.63GiB / 246.6GiB
2025-11-29 12:47:35+00:00,87633adfad36,site-6,124.03%,1.193GiB / 246.6GiB
2025-11-29 12:47:43+00:00,43d96f8b096b,prod_00-admin-run-19ec4fad257b,0.00%,56.56MiB / 246.6GiB
2025-11-29 12:47:43+00:00,278c86848d68,site-1,212.32%,3.921GiB / 246.6GiB
2025-11-29 12:47:43+00:00,2356666b517a,site-5,252.06%,708.1MiB / 246.6GiB
2025-11-29 12:47:43+00:00,e201cdd8f6d4,server1,107.97%,20.94GiB / 246.6GiB
2025-11-29 12:47:43+00:00,1cf4e2b93527,site-2,298.18%,983.2MiB / 246.6GiB
2025-11-29 12:47:43+00:00,f0299ef4ad8e,site-4,306.15%,4.053GiB / 246.6GiB
2025-11-29 12:47:43+00:00,09ba41e96841,site-3,240.49%,865.5MiB / 246.6GiB
2025-11-29 12:47:43+00:00,87633adfad36,site-6,394.34%,1.831GiB / 246.6GiB
2025-11-29 12:47:51+00:00,43d96f8b096b,prod_00-admin-run-19ec4fad257b,0.01%,56.56MiB / 246.6GiB
2025-11-29 12:47:51+00:00,278c86848d68,site-1,41.32%,3.822GiB / 246.6GiB
2025-11-29 12:47:51+00:00,2356666b517a,site-5,22.28%,3.775GiB / 246.6GiB
2025-11-29 12:47:51+00:00,e201cdd8f6d4,server1,194.78%,22.53GiB / 246.6GiB
2025-11-29 12:47:51+00:00,1cf4e2b93527,site-2,23.44%,3.795GiB / 246.6GiB
2025-11-29 12:47:51+00:00,f0299ef4ad8e,site-4,27.49%,3.852GiB / 246.6GiB
2025-11-29 12:47:51+00:00,09ba41e96841,site-3,23.85%,3.782GiB / 246.6GiB
2025-11-29 12:47:51+00:00,87633adfad36,site-6,29.24%,3.864GiB / 246.6GiB
2025-11-29 12:47:58+00:00,43d96f8b096b,prod_00-admin-run-19ec4fad257b,0.00%,56.56MiB / 246.6GiB
2025-11-29 12:47:58+00:00,278c86848d68,site-1,478.30%,4.011GiB / 246.6GiB
2025-11-29 12:47:58+00:00,2356666b517a,site-5,458.97%,4.032GiB / 246.6GiB
2025-11-29 12:47:58+00:00,e201cdd8f6d4,server1,138.60%,22.63GiB / 246.6GiB
2025-11-29 12:47:58+00:00,1cf4e2b93527,site-2,647.37%,4.054GiB / 246.6GiB
2025-11-29 12:47:58+00:00,f0299ef4ad8e,site-4,25.68%,4.049GiB / 246.6GiB
2025-11-29 12:47:58+00:00,09ba41e96841,site-3,655.25%,4.048GiB / 246.6GiB
2025-11-29 12:47:58+00:00,87633adfad36,site-6,64.80%,4.104GiB / 246.6GiB
2025-11-29 12:48:06+00:00,43d96f8b096b,prod_00-admin-run-19ec4fad257b,0.01%,56.56MiB / 246.6GiB
2025-11-29 12:48:06+00:00,278c86848d68,site-1,38.71%,4.025GiB / 246.6GiB
2025-11-29 12:48:06+00:00,2356666b517a,site-5,23.86%,4.047GiB / 246.6GiB
2025-11-29 12:48:06+00:00,e201cdd8f6d4,server1,196.36%,22.67GiB / 246.6GiB
2025-11-29 12:48:06+00:00,1cf4e2b93527,site-2,41.56%,4.066GiB / 246.6GiB
2025-11-29 12:48:06+00:00,f0299ef4ad8e,site-4,28.03%,4.062GiB / 246.6GiB
2025-11-29 12:48:06+00:00,09ba41e96841,site-3,39.38%,4.061GiB / 246.6GiB
2025-11-29 12:48:06+00:00,87633adfad36,site-6,30.73%,4.118GiB / 246.6GiB
2025-11-29 12:48:13+00:00,278c86848d68,site-1,35.15%,4.025GiB / 246.6GiB
2025-11-29 12:48:13+00:00,2356666b517a,site-5,21.89%,4.047GiB / 246.6GiB
2025-11-29 12:48:13+00:00,e201cdd8f6d4,server1,180.76%,22.68GiB / 246.6GiB
2025-11-29 12:48:13+00:00,1cf4e2b93527,site-2,37.92%,4.067GiB / 246.6GiB
2025-11-29 12:48:13+00:00,f0299ef4ad8e,site-4,25.39%,4.066GiB / 246.6GiB
2025-11-29 12:48:13+00:00,09ba41e96841,site-3,35.08%,4.061GiB / 246.6GiB
2025-11-29 12:48:13+00:00,87633adfad36,site-6,35.83%,4.118GiB / 246.6GiB
2025-11-29 12:51:06+00:00,278c86848d68,site-1,14.59%,14.28GiB / 246.6GiB
2025-11-29 12:51:06+00:00,2356666b517a,site-5,14.16%,14.28GiB / 246.6GiB
2025-11-29 12:51:06+00:00,e201cdd8f6d4,server1,161.38%,55.04GiB / 246.6GiB
2025-11-29 12:51:06+00:00,1cf4e2b93527,site-2,23.87%,14.3GiB / 246.6GiB
2025-11-29 12:51:06+00:00,f0299ef4ad8e,site-4,14.73%,14.31GiB / 246.6GiB
2025-11-29 12:51:06+00:00,09ba41e96841,site-3,14.52%,14.3GiB / 246.6GiB
2025-11-29 12:51:06+00:00,87633adfad36,site-6,14.54%,14.37GiB / 246.6GiB
2025-11-29 12:51:14+00:00,278c86848d68,site-1,14.82%,14.28GiB / 246.6GiB
2025-11-29 12:51:14+00:00,2356666b517a,site-5,14.08%,14.28GiB / 246.6GiB
2025-11-29 12:51:14+00:00,e201cdd8f6d4,server1,160.68%,55.04GiB / 246.6GiB
2025-11-29 12:51:14+00:00,1cf4e2b93527,site-2,23.84%,14.3GiB / 246.6GiB
2025-11-29 12:51:14+00:00,f0299ef4ad8e,site-4,14.44%,14.31GiB / 246.6GiB
2025-11-29 12:51:14+00:00,09ba41e96841,site-3,14.12%,14.3GiB / 246.6GiB
2025-11-29 12:51:14+00:00,87633adfad36,site-6,14.20%,14.37GiB / 246.6GiB
2025-11-29 12:51:21+00:00,278c86848d68,site-1,15.35%,14.28GiB / 246.6GiB
2025-11-29 12:51:21+00:00,2356666b517a,site-5,14.47%,14.28GiB / 246.6GiB
2025-11-29 12:51:21+00:00,e201cdd8f6d4,server1,163.24%,55.04GiB / 246.6GiB
2025-11-29 12:51:21+00:00,1cf4e2b93527,site-2,22.78%,14.3GiB / 246.6GiB
2025-11-29 12:51:21+00:00,f0299ef4ad8e,site-4,14.51%,14.31GiB / 246.6GiB
2025-11-29 12:51:21+00:00,09ba41e96841,site-3,14.40%,14.3GiB / 246.6GiB
2025-11-29 12:51:21+00:00,87633adfad36,site-6,14.65%,14.37GiB / 246.6GiB
2025-11-29 12:51:29+00:00,278c86848d68,site-1,14.58%,14.28GiB / 246.6GiB
2025-11-29 12:51:29+00:00,2356666b517a,site-5,14.82%,14.28GiB / 246.6GiB
2025-11-29 12:51:29+00:00,e201cdd8f6d4,server1,164.40%,55.04GiB / 246.6GiB
2025-11-29 12:51:29+00:00,1cf4e2b93527,site-2,22.36%,14.3GiB / 246.6GiB
2025-11-29 12:51:29+00:00,f0299ef4ad8e,site-4,13.95%,14.31GiB / 246.6GiB
2025-11-29 12:51:29+00:00,09ba41e96841,site-3,14.84%,14.29GiB / 246.6GiB
2025-11-29 12:51:29+00:00,87633adfad36,site-6,19.78%,14.37GiB / 246.6GiB
2025-11-29 12:51:36+00:00,278c86848d68,site-1,0.48%,14.27GiB / 246.6GiB
2025-11-29 12:51:36+00:00,2356666b517a,site-5,0.90%,14.28GiB / 246.6GiB
2025-11-29 12:51:36+00:00,e201cdd8f6d4,server1,102.23%,58.33GiB / 246.6GiB
2025-11-29 12:51:36+00:00,1cf4e2b93527,site-2,0.15%,14.3GiB / 246.6GiB
2025-11-29 12:51:36+00:00,f0299ef4ad8e,site-4,1.14%,14.31GiB / 246.6GiB
2025-11-29 12:51:36+00:00,09ba41e96841,site-3,0.98%,14.29GiB / 246.6GiB
2025-11-29 12:51:36+00:00,87633adfad36,site-6,1.31%,14.37GiB / 246.6GiB
2025-11-29 12:51:44+00:00,278c86848d68,site-1,0.13%,14.27GiB / 246.6GiB
2025-11-29 12:51:44+00:00,2356666b517a,site-5,0.12%,14.28GiB / 246.6GiB
2025-11-29 12:51:44+00:00,e201cdd8f6d4,server1,102.75%,66.46GiB / 246.6GiB
2025-11-29 12:51:44+00:00,1cf4e2b93527,site-2,0.11%,14.3GiB / 246.6GiB
2025-11-29 12:51:44+00:00,f0299ef4ad8e,site-4,0.13%,14.31GiB / 246.6GiB
2025-11-29 12:51:44+00:00,09ba41e96841,site-3,0.12%,14.29GiB / 246.6GiB
2025-11-29 12:51:44+00:00,87633adfad36,site-6,0.21%,14.37GiB / 246.6GiB
2025-11-29 12:51:51+00:00,278c86848d68,site-1,0.13%,14.27GiB / 246.6GiB
2025-11-29 12:51:51+00:00,2356666b517a,site-5,0.12%,14.28GiB / 246.6GiB
2025-11-29 12:51:51+00:00,e201cdd8f6d4,server1,104.38%,74.65GiB / 246.6GiB
2025-11-29 12:51:51+00:00,1cf4e2b93527,site-2,0.12%,14.3GiB / 246.6GiB
2025-11-29 12:51:51+00:00,f0299ef4ad8e,site-4,0.29%,14.31GiB / 246.6GiB
2025-11-29 12:51:51+00:00,09ba41e96841,site-3,0.13%,14.29GiB / 246.6GiB
2025-11-29 12:51:51+00:00,87633adfad36,site-6,0.15%,14.37GiB / 246.6GiB
2025-11-29 12:51:59+00:00,278c86848d68,site-1,0.40%,14.27GiB / 246.6GiB
2025-11-29 12:51:59+00:00,2356666b517a,site-5,0.29%,14.28GiB / 246.6GiB
2025-11-29 12:51:59+00:00,e201cdd8f6d4,server1,104.50%,83.33GiB / 246.6GiB
2025-11-29 12:51:59+00:00,1cf4e2b93527,site-2,0.24%,14.3GiB / 246.6GiB
2025-11-29 12:51:59+00:00,f0299ef4ad8e,site-4,0.11%,14.31GiB / 246.6GiB
2025-11-29 12:51:59+00:00,09ba41e96841,site-3,0.12%,14.29GiB / 246.6GiB
2025-11-29 12:51:59+00:00,87633adfad36,site-6,0.10%,14.37GiB / 246.6GiB
2025-11-29 12:52:06+00:00,278c86848d68,site-1,0.15%,14.27GiB / 246.6GiB
2025-11-29 12:52:06+00:00,2356666b517a,site-5,0.15%,14.28GiB / 246.6GiB
2025-11-29 12:52:06+00:00,e201cdd8f6d4,server1,366.33%,87.44GiB / 246.6GiB
2025-11-29 12:52:06+00:00,1cf4e2b93527,site-2,0.14%,14.3GiB / 246.6GiB
2025-11-29 12:52:06+00:00,f0299ef4ad8e,site-4,0.30%,14.31GiB / 246.6GiB
2025-11-29 12:52:06+00:00,09ba41e96841,site-3,0.16%,14.29GiB / 246.6GiB
2025-11-29 12:52:06+00:00,87633adfad36,site-6,0.15%,14.37GiB / 246.6GiB
2025-11-29 12:52:14+00:00,278c86848d68,site-1,0.37%,14.27GiB / 246.6GiB
2025-11-29 12:52:14+00:00,2356666b517a,site-5,0.17%,14.28GiB / 246.6GiB
2025-11-29 12:52:14+00:00,e201cdd8f6d4,server1,101.04%,50.22GiB / 246.6GiB
2025-11-29 12:52:14+00:00,1cf4e2b93527,site-2,0.37%,14.3GiB / 246.6GiB
2025-11-29 12:52:14+00:00,f0299ef4ad8e,site-4,0.19%,14.31GiB / 246.6GiB
2025-11-29 12:52:14+00:00,09ba41e96841,site-3,0.47%,14.29GiB / 246.6GiB
2025-11-29 12:52:14+00:00,87633adfad36,site-6,0.10%,14.37GiB / 246.6GiB
2025-11-29 12:52:21+00:00,278c86848d68,site-1,0.16%,14.27GiB / 246.6GiB
2025-11-29 12:52:21+00:00,2356666b517a,site-5,0.10%,14.28GiB / 246.6GiB
2025-11-29 12:52:21+00:00,e201cdd8f6d4,server1,6.85%,39.71GiB / 246.6GiB
2025-11-29 12:52:21+00:00,1cf4e2b93527,site-2,0.15%,14.3GiB / 246.6GiB
2025-11-29 12:52:21+00:00,f0299ef4ad8e,site-4,0.50%,14.31GiB / 246.6GiB
2025-11-29 12:52:21+00:00,09ba41e96841,site-3,0.16%,14.29GiB / 246.6GiB
2025-11-29 12:52:21+00:00,87633adfad36,site-6,0.37%,14.37GiB / 246.6GiB
2025-11-29 12:52:29+00:00,278c86848d68,site-1,0.43%,14.27GiB / 246.6GiB
2025-11-29 12:52:29+00:00,2356666b517a,site-5,0.33%,14.28GiB / 246.6GiB
2025-11-29 12:52:29+00:00,e201cdd8f6d4,server1,7.90%,39.71GiB / 246.6GiB
2025-11-29 12:52:29+00:00,1cf4e2b93527,site-2,0.29%,14.3GiB / 246.6GiB
2025-11-29 12:52:29+00:00,f0299ef4ad8e,site-4,0.15%,14.31GiB / 246.6GiB
2025-11-29 12:52:29+00:00,09ba41e96841,site-3,0.15%,14.29GiB / 246.6GiB
2025-11-29 12:52:29+00:00,87633adfad36,site-6,0.14%,14.37GiB / 246.6GiB
2025-11-29 12:52:37+00:00,278c86848d68,site-1,0.15%,14.27GiB / 246.6GiB
2025-11-29 12:52:37+00:00,2356666b517a,site-5,0.16%,14.28GiB / 246.6GiB
2025-11-29 12:52:37+00:00,e201cdd8f6d4,server1,7.74%,39.71GiB / 246.6GiB
2025-11-29 12:52:37+00:00,1cf4e2b93527,site-2,0.14%,14.3GiB / 246.6GiB
2025-11-29 12:52:37+00:00,f0299ef4ad8e,site-4,0.31%,14.31GiB / 246.6GiB
2025-11-29 12:52:37+00:00,09ba41e96841,site-3,0.14%,14.29GiB / 246.6GiB
2025-11-29 12:52:37+00:00,87633adfad36,site-6,0.16%,14.37GiB / 246.6GiB
2025-11-29 12:52:44+00:00,278c86848d68,site-1,0.32%,14.27GiB / 246.6GiB
2025-11-29 12:52:44+00:00,2356666b517a,site-5,0.15%,14.28GiB / 246.6GiB
2025-11-29 12:52:44+00:00,e201cdd8f6d4,server1,7.00%,39.71GiB / 246.6GiB
2025-11-29 12:52:44+00:00,1cf4e2b93527,site-2,0.13%,14.3GiB / 246.6GiB
2025-11-29 12:52:44+00:00,f0299ef4ad8e,site-4,0.14%,14.31GiB / 246.6GiB
2025-11-29 12:52:44+00:00,09ba41e96841,site-3,0.15%,14.29GiB / 246.6GiB
2025-11-29 12:52:44+00:00,87633adfad36,site-6,0.15%,14.37GiB / 246.6GiB
2025-11-29 12:52:52+00:00,278c86848d68,site-1,0.16%,14.27GiB / 246.6GiB
2025-11-29 12:52:52+00:00,2356666b517a,site-5,0.17%,14.28GiB / 246.6GiB
2025-11-29 12:52:52+00:00,e201cdd8f6d4,server1,102.78%,44.04GiB / 246.6GiB
2025-11-29 12:52:52+00:00,1cf4e2b93527,site-2,0.14%,14.3GiB / 246.6GiB
2025-11-29 12:52:52+00:00,f0299ef4ad8e,site-4,0.37%,14.31GiB / 246.6GiB
2025-11-29 12:52:52+00:00,09ba41e96841,site-3,0.16%,14.29GiB / 246.6GiB
2025-11-29 12:52:52+00:00,87633adfad36,site-6,0.16%,14.37GiB / 246.6GiB
2025-11-29 12:52:59+00:00,278c86848d68,site-1,81.92%,16.18GiB / 246.6GiB
2025-11-29 12:52:59+00:00,2356666b517a,site-5,60.27%,17.41GiB / 246.6GiB
2025-11-29 12:52:59+00:00,e201cdd8f6d4,server1,103.65%,51.44GiB / 246.6GiB
2025-11-29 12:52:59+00:00,1cf4e2b93527,site-2,84.18%,16.32GiB / 246.6GiB
2025-11-29 12:52:59+00:00,f0299ef4ad8e,site-4,27.89%,17.44GiB / 246.6GiB
2025-11-29 12:52:59+00:00,09ba41e96841,site-3,82.34%,16.23GiB / 246.6GiB
2025-11-29 12:52:59+00:00,87633adfad36,site-6,69.62%,17.5GiB / 246.6GiB
2025-11-29 12:53:07+00:00,278c86848d68,site-1,18.18%,17.4GiB / 246.6GiB
2025-11-29 12:53:07+00:00,2356666b517a,site-5,19.50%,17.41GiB / 246.6GiB
2025-11-29 12:53:07+00:00,e201cdd8f6d4,server1,173.07%,51.41GiB / 246.6GiB
2025-11-29 12:53:07+00:00,1cf4e2b93527,site-2,20.38%,17.43GiB / 246.6GiB
2025-11-29 12:53:07+00:00,f0299ef4ad8e,site-4,18.61%,17.44GiB / 246.6GiB
2025-11-29 12:53:07+00:00,09ba41e96841,site-3,21.62%,17.42GiB / 246.6GiB
2025-11-29 12:53:07+00:00,87633adfad36,site-6,18.56%,17.5GiB / 246.6GiB
2025-11-29 12:53:14+00:00,278c86848d68,site-1,18.16%,17.4GiB / 246.6GiB
2025-11-29 12:53:14+00:00,2356666b517a,site-5,20.53%,17.41GiB / 246.6GiB
2025-11-29 12:53:14+00:00,e201cdd8f6d4,server1,168.36%,51.42GiB / 246.6GiB
2025-11-29 12:53:14+00:00,1cf4e2b93527,site-2,20.90%,17.43GiB / 246.6GiB
2025-11-29 12:53:14+00:00,f0299ef4ad8e,site-4,22.96%,17.44GiB / 246.6GiB
2025-11-29 12:53:14+00:00,09ba41e96841,site-3,21.08%,17.42GiB / 246.6GiB
2025-11-29 12:53:14+00:00,87633adfad36,site-6,19.26%,17.5GiB / 246.6GiB
2025-11-29 12:53:22+00:00,278c86848d68,site-1,17.89%,17.41GiB / 246.6GiB
2025-11-29 12:53:22+00:00,2356666b517a,site-5,19.78%,17.41GiB / 246.6GiB
2025-11-29 12:53:22+00:00,e201cdd8f6d4,server1,173.76%,51.43GiB / 246.6GiB
2025-11-29 12:53:22+00:00,1cf4e2b93527,site-2,21.17%,17.43GiB / 246.6GiB
2025-11-29 12:53:22+00:00,f0299ef4ad8e,site-4,23.43%,17.44GiB / 246.6GiB
2025-11-29 12:53:22+00:00,09ba41e96841,site-3,17.78%,17.42GiB / 246.6GiB
2025-11-29 12:53:22+00:00,87633adfad36,site-6,19.54%,17.5GiB / 246.6GiB
2025-11-29 12:53:29+00:00,278c86848d68,site-1,101.63%,19.11GiB / 246.6GiB
2025-11-29 12:53:29+00:00,2356666b517a,site-5,100.47%,20.54GiB / 246.6GiB
2025-11-29 12:53:29+00:00,e201cdd8f6d4,server1,1.43%,51.42GiB / 246.6GiB
2025-11-29 12:53:29+00:00,1cf4e2b93527,site-2,101.79%,20.56GiB / 246.6GiB
2025-11-29 12:53:29+00:00,f0299ef4ad8e,site-4,100.74%,20.57GiB / 246.6GiB
2025-11-29 12:53:29+00:00,09ba41e96841,site-3,101.47%,20.55GiB / 246.6GiB
2025-11-29 12:53:29+00:00,87633adfad36,site-6,101.56%,19.9GiB / 246.6GiB
2025-11-29 12:53:37+00:00,278c86848d68,site-1,73.46%,16.22GiB / 246.6GiB
2025-11-29 12:53:37+00:00,2356666b517a,site-5,0.14%,16.24GiB / 246.6GiB
2025-11-29 12:53:37+00:00,e201cdd8f6d4,server1,107.07%,59.42GiB / 246.6GiB
2025-11-29 12:53:37+00:00,1cf4e2b93527,site-2,2.31%,16.26GiB / 246.6GiB
2025-11-29 12:53:37+00:00,f0299ef4ad8e,site-4,0.96%,16.25GiB / 246.6GiB
2025-11-29 12:53:37+00:00,09ba41e96841,site-3,0.15%,16.23GiB / 246.6GiB
2025-11-29 12:53:37+00:00,87633adfad36,site-6,0.15%,16.32GiB / 246.6GiB
2025-11-29 12:53:44+00:00,278c86848d68,site-1,13.78%,16.23GiB / 246.6GiB
2025-11-29 12:53:44+00:00,2356666b517a,site-5,13.80%,16.25GiB / 246.6GiB
2025-11-29 12:53:44+00:00,e201cdd8f6d4,server1,157.95%,70.25GiB / 246.6GiB
2025-11-29 12:53:44+00:00,1cf4e2b93527,site-2,14.96%,16.27GiB / 246.6GiB
2025-11-29 12:53:44+00:00,f0299ef4ad8e,site-4,14.49%,16.26GiB / 246.6GiB
2025-11-29 12:53:44+00:00,09ba41e96841,site-3,13.92%,16.23GiB / 246.6GiB
2025-11-29 12:53:44+00:00,87633adfad36,site-6,13.46%,16.32GiB / 246.6GiB
2025-11-29 12:53:52+00:00,278c86848d68,site-1,13.13%,16.23GiB / 246.6GiB
2025-11-29 12:53:52+00:00,2356666b517a,site-5,15.58%,16.25GiB / 246.6GiB
2025-11-29 12:53:52+00:00,e201cdd8f6d4,server1,154.76%,70.25GiB / 246.6GiB
2025-11-29 12:53:52+00:00,1cf4e2b93527,site-2,13.07%,16.27GiB / 246.6GiB
2025-11-29 12:53:52+00:00,f0299ef4ad8e,site-4,14.27%,16.26GiB / 246.6GiB
2025-11-29 12:53:52+00:00,09ba41e96841,site-3,15.48%,16.23GiB / 246.6GiB
2025-11-29 12:53:52+00:00,87633adfad36,site-6,13.34%,16.32GiB / 246.6GiB
2025-11-29 12:54:00+00:00,278c86848d68,site-1,14.36%,16.23GiB / 246.6GiB
2025-11-29 12:54:00+00:00,2356666b517a,site-5,14.51%,16.25GiB / 246.6GiB
2025-11-29 12:54:00+00:00,e201cdd8f6d4,server1,160.69%,70.25GiB / 246.6GiB
2025-11-29 12:54:00+00:00,1cf4e2b93527,site-2,14.19%,16.27GiB / 246.6GiB
2025-11-29 12:54:00+00:00,f0299ef4ad8e,site-4,14.34%,16.26GiB / 246.6GiB
2025-11-29 12:54:00+00:00,09ba41e96841,site-3,13.91%,16.23GiB / 246.6GiB
2025-11-29 12:54:00+00:00,87633adfad36,site-6,14.33%,16.32GiB / 246.6GiB
2025-11-29 12:54:07+00:00,278c86848d68,site-1,14.66%,16.23GiB / 246.6GiB
2025-11-29 12:54:07+00:00,2356666b517a,site-5,14.43%,16.25GiB / 246.6GiB
2025-11-29 12:54:07+00:00,e201cdd8f6d4,server1,161.74%,70.25GiB / 246.6GiB
2025-11-29 12:54:07+00:00,1cf4e2b93527,site-2,13.25%,16.27GiB / 246.6GiB
2025-11-29 12:54:07+00:00,f0299ef4ad8e,site-4,14.02%,16.26GiB / 246.6GiB
2025-11-29 12:54:07+00:00,09ba41e96841,site-3,16.57%,16.23GiB / 246.6GiB
2025-11-29 12:54:07+00:00,87633adfad36,site-6,13.91%,16.32GiB / 246.6GiB
2025-11-29 12:54:15+00:00,278c86848d68,site-1,17.21%,16.23GiB / 246.6GiB
2025-11-29 12:54:15+00:00,2356666b517a,site-5,14.27%,16.25GiB / 246.6GiB
2025-11-29 12:54:15+00:00,e201cdd8f6d4,server1,161.31%,70.25GiB / 246.6GiB
2025-11-29 12:54:15+00:00,1cf4e2b93527,site-2,16.44%,16.27GiB / 246.6GiB
2025-11-29 12:54:15+00:00,f0299ef4ad8e,site-4,14.22%,16.26GiB / 246.6GiB
2025-11-29 12:54:15+00:00,09ba41e96841,site-3,13.69%,16.23GiB / 246.6GiB
2025-11-29 12:54:15+00:00,87633adfad36,site-6,16.64%,16.32GiB / 246.6GiB
2025-11-29 12:54:22+00:00,278c86848d68,site-1,6.78%,16.22GiB / 246.6GiB
2025-11-29 12:54:22+00:00,2356666b517a,site-5,5.29%,16.24GiB / 246.6GiB
2025-11-29 12:54:22+00:00,e201cdd8f6d4,server1,132.06%,71.1GiB / 246.6GiB
2025-11-29 12:54:22+00:00,1cf4e2b93527,site-2,3.61%,16.26GiB / 246.6GiB
2025-11-29 12:54:22+00:00,f0299ef4ad8e,site-4,4.46%,16.25GiB / 246.6GiB
2025-11-29 12:54:22+00:00,09ba41e96841,site-3,4.13%,16.23GiB / 246.6GiB
2025-11-29 12:54:22+00:00,87633adfad36,site-6,21.35%,16.32GiB / 246.6GiB
2025-11-29 12:54:30+00:00,278c86848d68,site-1,0.30%,16.22GiB / 246.6GiB
2025-11-29 12:54:30+00:00,2356666b517a,site-5,0.45%,16.24GiB / 246.6GiB
2025-11-29 12:54:30+00:00,e201cdd8f6d4,server1,102.73%,79.75GiB / 246.6GiB
2025-11-29 12:54:30+00:00,1cf4e2b93527,site-2,0.28%,16.26GiB / 246.6GiB
2025-11-29 12:54:30+00:00,f0299ef4ad8e,site-4,0.34%,16.25GiB / 246.6GiB
2025-11-29 12:54:30+00:00,09ba41e96841,site-3,0.15%,16.23GiB / 246.6GiB
2025-11-29 12:54:30+00:00,87633adfad36,site-6,0.30%,16.32GiB / 246.6GiB
2025-11-29 12:54:37+00:00,278c86848d68,site-1,0.28%,16.22GiB / 246.6GiB
2025-11-29 12:54:37+00:00,2356666b517a,site-5,0.12%,16.24GiB / 246.6GiB
2025-11-29 12:54:37+00:00,e201cdd8f6d4,server1,103.87%,86.69GiB / 246.6GiB
2025-11-29 12:54:37+00:00,1cf4e2b93527,site-2,0.11%,16.26GiB / 246.6GiB
2025-11-29 12:54:37+00:00,f0299ef4ad8e,site-4,0.12%,16.25GiB / 246.6GiB
2025-11-29 12:54:37+00:00,09ba41e96841,site-3,0.14%,16.23GiB / 246.6GiB
2025-11-29 12:54:37+00:00,87633adfad36,site-6,0.14%,16.32GiB / 246.6GiB
2025-11-29 12:54:45+00:00,278c86848d68,site-1,0.14%,16.22GiB / 246.6GiB
2025-11-29 12:54:45+00:00,2356666b517a,site-5,0.29%,16.24GiB / 246.6GiB
2025-11-29 12:54:45+00:00,e201cdd8f6d4,server1,103.11%,94.27GiB / 246.6GiB
2025-11-29 12:54:45+00:00,1cf4e2b93527,site-2,0.13%,16.26GiB / 246.6GiB
2025-11-29 12:54:45+00:00,f0299ef4ad8e,site-4,0.12%,16.25GiB / 246.6GiB
2025-11-29 12:54:45+00:00,09ba41e96841,site-3,0.13%,16.23GiB / 246.6GiB
2025-11-29 12:54:45+00:00,87633adfad36,site-6,0.14%,16.32GiB / 246.6GiB
2025-11-29 12:54:52+00:00,278c86848d68,site-1,0.33%,16.18GiB / 246.6GiB
2025-11-29 12:54:52+00:00,2356666b517a,site-5,0.21%,16.19GiB / 246.6GiB
2025-11-29 12:54:52+00:00,e201cdd8f6d4,server1,212.05%,97.62GiB / 246.6GiB
2025-11-29 12:54:52+00:00,1cf4e2b93527,site-2,0.15%,16.21GiB / 246.6GiB
2025-11-29 12:54:52+00:00,f0299ef4ad8e,site-4,0.18%,16.2GiB / 246.6GiB
2025-11-29 12:54:52+00:00,09ba41e96841,site-3,0.15%,16.18GiB / 246.6GiB
2025-11-29 12:54:52+00:00,87633adfad36,site-6,0.16%,16.26GiB / 246.6GiB
2025-11-29 12:55:00+00:00,278c86848d68,site-1,0.12%,16.18GiB / 246.6GiB
2025-11-29 12:55:00+00:00,2356666b517a,site-5,0.15%,16.19GiB / 246.6GiB
2025-11-29 12:55:00+00:00,e201cdd8f6d4,server1,100.55%,63.85GiB / 246.6GiB
2025-11-29 12:55:00+00:00,1cf4e2b93527,site-2,0.17%,16.21GiB / 246.6GiB
2025-11-29 12:55:00+00:00,f0299ef4ad8e,site-4,0.15%,16.2GiB / 246.6GiB
2025-11-29 12:55:00+00:00,09ba41e96841,site-3,0.17%,16.18GiB / 246.6GiB
2025-11-29 12:55:00+00:00,87633adfad36,site-6,0.27%,16.26GiB / 246.6GiB
2025-11-29 12:55:08+00:00,278c86848d68,site-1,0.26%,16.18GiB / 246.6GiB
2025-11-29 12:55:08+00:00,2356666b517a,site-5,0.15%,16.19GiB / 246.6GiB
2025-11-29 12:55:08+00:00,e201cdd8f6d4,server1,8.22%,50.25GiB / 246.6GiB
2025-11-29 12:55:08+00:00,1cf4e2b93527,site-2,0.15%,16.21GiB / 246.6GiB
2025-11-29 12:55:08+00:00,f0299ef4ad8e,site-4,0.33%,16.2GiB / 246.6GiB
2025-11-29 12:55:08+00:00,09ba41e96841,site-3,0.33%,16.18GiB / 246.6GiB
2025-11-29 12:55:08+00:00,87633adfad36,site-6,0.15%,16.26GiB / 246.6GiB
2025-11-29 12:55:16+00:00,278c86848d68,site-1,0.14%,16.18GiB / 246.6GiB
2025-11-29 12:55:16+00:00,2356666b517a,site-5,0.23%,16.19GiB / 246.6GiB
2025-11-29 12:55:16+00:00,e201cdd8f6d4,server1,8.38%,50.25GiB / 246.6GiB
2025-11-29 12:55:16+00:00,1cf4e2b93527,site-2,0.36%,16.21GiB / 246.6GiB
2025-11-29 12:55:16+00:00,f0299ef4ad8e,site-4,0.14%,16.2GiB / 246.6GiB
2025-11-29 12:55:16+00:00,09ba41e96841,site-3,0.18%,16.18GiB / 246.6GiB
2025-11-29 12:55:16+00:00,87633adfad36,site-6,0.30%,16.26GiB / 246.6GiB
2025-11-29 12:55:23+00:00,278c86848d68,site-1,0.14%,16.18GiB / 246.6GiB
2025-11-29 12:55:23+00:00,2356666b517a,site-5,0.15%,16.19GiB / 246.6GiB
2025-11-29 12:55:23+00:00,e201cdd8f6d4,server1,7.95%,50.25GiB / 246.6GiB
2025-11-29 12:55:23+00:00,1cf4e2b93527,site-2,0.13%,16.21GiB / 246.6GiB
2025-11-29 12:55:23+00:00,f0299ef4ad8e,site-4,0.13%,16.2GiB / 246.6GiB
2025-11-29 12:55:23+00:00,09ba41e96841,site-3,0.14%,16.18GiB / 246.6GiB
2025-11-29 12:55:23+00:00,87633adfad36,site-6,0.14%,16.26GiB / 246.6GiB
2025-11-29 12:55:31+00:00,278c86848d68,site-1,0.11%,16.18GiB / 246.6GiB
2025-11-29 12:55:31+00:00,2356666b517a,site-5,0.10%,16.19GiB / 246.6GiB
2025-11-29 12:55:31+00:00,e201cdd8f6d4,server1,0.55%,50.25GiB / 246.6GiB
2025-11-29 12:55:31+00:00,1cf4e2b93527,site-2,0.26%,16.21GiB / 246.6GiB
2025-11-29 12:55:31+00:00,f0299ef4ad8e,site-4,0.12%,16.2GiB / 246.6GiB
2025-11-29 12:55:31+00:00,09ba41e96841,site-3,0.15%,16.18GiB / 246.6GiB
2025-11-29 12:55:31+00:00,87633adfad36,site-6,0.47%,16.26GiB / 246.6GiB
2025-11-29 12:55:38+00:00,278c86848d68,site-1,0.15%,16.18GiB / 246.6GiB
2025-11-29 12:55:38+00:00,2356666b517a,site-5,0.19%,16.19GiB / 246.6GiB
2025-11-29 12:55:38+00:00,e201cdd8f6d4,server1,102.19%,56.69GiB / 246.6GiB
2025-11-29 12:55:38+00:00,1cf4e2b93527,site-2,0.14%,16.21GiB / 246.6GiB
2025-11-29 12:55:38+00:00,f0299ef4ad8e,site-4,0.36%,16.2GiB / 246.6GiB
2025-11-29 12:55:38+00:00,09ba41e96841,site-3,19.45%,16.63GiB / 246.6GiB
2025-11-29 12:55:38+00:00,87633adfad36,site-6,0.16%,16.26GiB / 246.6GiB
2025-11-29 12:55:46+00:00,278c86848d68,site-1,19.14%,19.3GiB / 246.6GiB
2025-11-29 12:55:46+00:00,2356666b517a,site-5,19.22%,19.32GiB / 246.6GiB
2025-11-29 12:55:46+00:00,e201cdd8f6d4,server1,164.39%,61.43GiB / 246.6GiB
2025-11-29 12:55:46+00:00,1cf4e2b93527,site-2,21.15%,19.34GiB / 246.6GiB
2025-11-29 12:55:46+00:00,f0299ef4ad8e,site-4,18.01%,19.33GiB / 246.6GiB
2025-11-29 12:55:46+00:00,09ba41e96841,site-3,18.96%,19.31GiB / 246.6GiB
2025-11-29 12:55:46+00:00,87633adfad36,site-6,22.71%,19.39GiB / 246.6GiB
2025-11-29 12:55:53+00:00,278c86848d68,site-1,22.78%,19.31GiB / 246.6GiB
2025-11-29 12:55:53+00:00,2356666b517a,site-5,19.65%,19.32GiB / 246.6GiB
2025-11-29 12:55:53+00:00,e201cdd8f6d4,server1,167.83%,61.44GiB / 246.6GiB
2025-11-29 12:55:53+00:00,1cf4e2b93527,site-2,19.38%,19.34GiB / 246.6GiB
2025-11-29 12:55:53+00:00,f0299ef4ad8e,site-4,23.19%,19.33GiB / 246.6GiB
2025-11-29 12:55:53+00:00,09ba41e96841,site-3,18.99%,19.31GiB / 246.6GiB
2025-11-29 12:55:53+00:00,87633adfad36,site-6,22.99%,19.39GiB / 246.6GiB
2025-11-29 12:56:01+00:00,278c86848d68,site-1,26.24%,19.3GiB / 246.6GiB
2025-11-29 12:56:01+00:00,2356666b517a,site-5,22.44%,19.32GiB / 246.6GiB
2025-11-29 12:56:01+00:00,e201cdd8f6d4,server1,170.30%,61.44GiB / 246.6GiB
2025-11-29 12:56:01+00:00,1cf4e2b93527,site-2,23.71%,19.34GiB / 246.6GiB
2025-11-29 12:56:01+00:00,f0299ef4ad8e,site-4,24.00%,19.33GiB / 246.6GiB
2025-11-29 12:56:01+00:00,09ba41e96841,site-3,21.83%,19.31GiB / 246.6GiB
2025-11-29 12:56:01+00:00,87633adfad36,site-6,37.93%,19.39GiB / 246.6GiB
2025-11-29 12:56:08+00:00,278c86848d68,site-1,32.30%,19.3GiB / 246.6GiB
2025-11-29 12:56:08+00:00,2356666b517a,site-5,21.06%,19.32GiB / 246.6GiB
2025-11-29 12:56:08+00:00,e201cdd8f6d4,server1,171.73%,61.45GiB / 246.6GiB
2025-11-29 12:56:08+00:00,1cf4e2b93527,site-2,21.13%,19.34GiB / 246.6GiB
2025-11-29 12:56:08+00:00,f0299ef4ad8e,site-4,23.11%,19.33GiB / 246.6GiB
2025-11-29 12:56:08+00:00,09ba41e96841,site-3,24.98%,19.31GiB / 246.6GiB
2025-11-29 12:56:08+00:00,87633adfad36,site-6,35.22%,19.39GiB / 246.6GiB
2025-11-29 12:56:16+00:00,278c86848d68,site-1,100.38%,17.1GiB / 246.6GiB
2025-11-29 12:56:16+00:00,2356666b517a,site-5,521.85%,16.22GiB / 246.6GiB
2025-11-29 12:56:16+00:00,e201cdd8f6d4,server1,142.40%,64.58GiB / 246.6GiB
2025-11-29 12:56:16+00:00,1cf4e2b93527,site-2,904.00%,14.26GiB / 246.6GiB
2025-11-29 12:56:16+00:00,f0299ef4ad8e,site-4,54.26%,19.1GiB / 246.6GiB
2025-11-29 12:56:16+00:00,09ba41e96841,site-3,83.62%,16.2GiB / 246.6GiB
2025-11-29 12:56:16+00:00,87633adfad36,site-6,955.06%,16.28GiB / 246.6GiB
2025-11-29 12:56:24+00:00,278c86848d68,site-1,0.23%,16.2GiB / 246.6GiB
2025-11-29 12:56:24+00:00,2356666b517a,site-5,0.18%,16.23GiB / 246.6GiB
2025-11-29 12:56:24+00:00,e201cdd8f6d4,server1,101.46%,80.12GiB / 246.6GiB
2025-11-29 12:56:24+00:00,1cf4e2b93527,site-2,0.15%,14.26GiB / 246.6GiB
2025-11-29 12:56:24+00:00,f0299ef4ad8e,site-4,0.14%,19.1GiB / 246.6GiB
2025-11-29 12:56:24+00:00,09ba41e96841,site-3,0.15%,16.22GiB / 246.6GiB
2025-11-29 12:56:24+00:00,87633adfad36,site-6,0.30%,16.28GiB / 246.6GiB
2025-11-29 12:56:31+00:00,278c86848d68,site-1,14.36%,16.2GiB / 246.6GiB
2025-11-29 12:56:31+00:00,2356666b517a,site-5,13.93%,16.24GiB / 246.6GiB
2025-11-29 12:56:31+00:00,e201cdd8f6d4,server1,162.48%,80.24GiB / 246.6GiB
2025-11-29 12:56:31+00:00,1cf4e2b93527,site-2,16.74%,14.27GiB / 246.6GiB
2025-11-29 12:56:31+00:00,f0299ef4ad8e,site-4,16.34%,19.11GiB / 246.6GiB
2025-11-29 12:56:31+00:00,09ba41e96841,site-3,14.28%,16.22GiB / 246.6GiB
2025-11-29 12:56:31+00:00,87633adfad36,site-6,16.36%,16.29GiB / 246.6GiB
2025-11-29 12:56:39+00:00,278c86848d68,site-1,13.02%,16.2GiB / 246.6GiB
2025-11-29 12:56:39+00:00,2356666b517a,site-5,15.63%,16.24GiB / 246.6GiB
2025-11-29 12:56:39+00:00,e201cdd8f6d4,server1,159.49%,80.24GiB / 246.6GiB
2025-11-29 12:56:39+00:00,1cf4e2b93527,site-2,14.15%,14.26GiB / 246.6GiB
2025-11-29 12:56:39+00:00,f0299ef4ad8e,site-4,14.36%,19.1GiB / 246.6GiB
2025-11-29 12:56:39+00:00,09ba41e96841,site-3,15.82%,16.22GiB / 246.6GiB
2025-11-29 12:56:39+00:00,87633adfad36,site-6,21.18%,16.29GiB / 246.6GiB
2025-11-29 12:56:46+00:00,278c86848d68,site-1,13.47%,16.2GiB / 246.6GiB
2025-11-29 12:56:46+00:00,2356666b517a,site-5,16.59%,16.24GiB / 246.6GiB
2025-11-29 12:56:46+00:00,e201cdd8f6d4,server1,159.93%,80.24GiB / 246.6GiB
2025-11-29 12:56:46+00:00,1cf4e2b93527,site-2,15.91%,14.27GiB / 246.6GiB
2025-11-29 12:56:46+00:00,f0299ef4ad8e,site-4,14.42%,19.1GiB / 246.6GiB
2025-11-29 12:56:46+00:00,09ba41e96841,site-3,14.16%,16.23GiB / 246.6GiB
2025-11-29 12:56:46+00:00,87633adfad36,site-6,14.15%,16.29GiB / 246.6GiB
2025-11-29 12:56:54+00:00,278c86848d68,site-1,0.19%,16.2GiB / 246.6GiB
2025-11-29 12:56:54+00:00,2356666b517a,site-5,0.15%,16.23GiB / 246.6GiB
2025-11-29 12:56:54+00:00,e201cdd8f6d4,server1,101.98%,82.05GiB / 246.6GiB
2025-11-29 12:56:54+00:00,1cf4e2b93527,site-2,0.13%,14.26GiB / 246.6GiB
2025-11-29 12:56:54+00:00,f0299ef4ad8e,site-4,0.14%,19.1GiB / 246.6GiB
2025-11-29 12:56:54+00:00,09ba41e96841,site-3,0.14%,16.22GiB / 246.6GiB
2025-11-29 12:56:54+00:00,87633adfad36,site-6,0.16%,16.28GiB / 246.6GiB
2025-11-29 12:57:01+00:00,278c86848d68,site-1,16.34%,16.2GiB / 246.6GiB
2025-11-29 12:57:01+00:00,2356666b517a,site-5,19.08%,16.24GiB / 246.6GiB
2025-11-29 12:57:01+00:00,e201cdd8f6d4,server1,158.33%,72.3GiB / 246.6GiB
2025-11-29 12:57:01+00:00,1cf4e2b93527,site-2,16.43%,14.26GiB / 246.6GiB
2025-11-29 12:57:01+00:00,f0299ef4ad8e,site-4,0.48%,19.1GiB / 246.6GiB
2025-11-29 12:57:01+00:00,09ba41e96841,site-3,19.22%,16.23GiB / 246.6GiB
2025-11-29 12:57:01+00:00,87633adfad36,site-6,17.22%,16.29GiB / 246.6GiB
2025-11-29 12:57:09+00:00,278c86848d68,site-1,0.14%,16.2GiB / 246.6GiB
2025-11-29 12:57:09+00:00,2356666b517a,site-5,0.14%,16.23GiB / 246.6GiB
2025-11-29 12:57:09+00:00,e201cdd8f6d4,server1,101.39%,74.66GiB / 246.6GiB
2025-11-29 12:57:09+00:00,1cf4e2b93527,site-2,0.11%,14.26GiB / 246.6GiB
2025-11-29 12:57:09+00:00,f0299ef4ad8e,site-4,0.47%,19.1GiB / 246.6GiB
2025-11-29 12:57:09+00:00,09ba41e96841,site-3,0.28%,16.22GiB / 246.6GiB
2025-11-29 12:57:09+00:00,87633adfad36,site-6,0.65%,16.28GiB / 246.6GiB
2025-11-29 12:57:16+00:00,278c86848d68,site-1,0.13%,16.2GiB / 246.6GiB
2025-11-29 12:57:16+00:00,2356666b517a,site-5,0.12%,16.23GiB / 246.6GiB
2025-11-29 12:57:16+00:00,e201cdd8f6d4,server1,104.49%,83.55GiB / 246.6GiB
2025-11-29 12:57:16+00:00,1cf4e2b93527,site-2,0.14%,14.26GiB / 246.6GiB
2025-11-29 12:57:16+00:00,f0299ef4ad8e,site-4,0.13%,19.1GiB / 246.6GiB
2025-11-29 12:57:16+00:00,09ba41e96841,site-3,0.12%,16.22GiB / 246.6GiB
2025-11-29 12:57:16+00:00,87633adfad36,site-6,0.13%,16.28GiB / 246.6GiB
2025-11-29 12:57:24+00:00,278c86848d68,site-1,0.30%,16.2GiB / 246.6GiB
2025-11-29 12:57:24+00:00,2356666b517a,site-5,0.12%,16.23GiB / 246.6GiB
2025-11-29 12:57:24+00:00,e201cdd8f6d4,server1,104.42%,89.87GiB / 246.6GiB
2025-11-29 12:57:24+00:00,1cf4e2b93527,site-2,0.10%,14.26GiB / 246.6GiB
2025-11-29 12:57:24+00:00,f0299ef4ad8e,site-4,0.13%,19.1GiB / 246.6GiB
2025-11-29 12:57:24+00:00,09ba41e96841,site-3,0.12%,16.22GiB / 246.6GiB
2025-11-29 12:57:24+00:00,87633adfad36,site-6,0.10%,16.28GiB / 246.6GiB
2025-11-29 12:57:31+00:00,278c86848d68,site-1,0.14%,16.2GiB / 246.6GiB
2025-11-29 12:57:31+00:00,2356666b517a,site-5,0.15%,16.23GiB / 246.6GiB
2025-11-29 12:57:31+00:00,e201cdd8f6d4,server1,161.94%,103.8GiB / 246.6GiB
2025-11-29 12:57:31+00:00,1cf4e2b93527,site-2,0.15%,14.26GiB / 246.6GiB
2025-11-29 12:57:31+00:00,f0299ef4ad8e,site-4,0.46%,19.1GiB / 246.6GiB
2025-11-29 12:57:31+00:00,09ba41e96841,site-3,0.15%,16.22GiB / 246.6GiB
2025-11-29 12:57:31+00:00,87633adfad36,site-6,0.14%,16.28GiB / 246.6GiB
2025-11-29 12:57:39+00:00,278c86848d68,site-1,0.23%,16.2GiB / 246.6GiB
2025-11-29 12:57:39+00:00,2356666b517a,site-5,0.15%,16.23GiB / 246.6GiB
2025-11-29 12:57:39+00:00,e201cdd8f6d4,server1,100.88%,67.78GiB / 246.6GiB
2025-11-29 12:57:39+00:00,1cf4e2b93527,site-2,0.38%,14.26GiB / 246.6GiB
2025-11-29 12:57:39+00:00,f0299ef4ad8e,site-4,0.23%,19.1GiB / 246.6GiB
2025-11-29 12:57:39+00:00,09ba41e96841,site-3,0.14%,16.22GiB / 246.6GiB
2025-11-29 12:57:39+00:00,87633adfad36,site-6,0.28%,16.28GiB / 246.6GiB
2025-11-29 12:57:46+00:00,278c86848d68,site-1,0.14%,16.2GiB / 246.6GiB
2025-11-29 12:57:46+00:00,2356666b517a,site-5,0.14%,16.23GiB / 246.6GiB
2025-11-29 12:57:46+00:00,e201cdd8f6d4,server1,7.69%,60.27GiB / 246.6GiB
2025-11-29 12:57:46+00:00,1cf4e2b93527,site-2,0.14%,14.26GiB / 246.6GiB
2025-11-29 12:57:46+00:00,f0299ef4ad8e,site-4,0.14%,19.1GiB / 246.6GiB
2025-11-29 12:57:46+00:00,09ba41e96841,site-3,0.14%,16.22GiB / 246.6GiB
2025-11-29 12:57:46+00:00,87633adfad36,site-6,0.15%,16.28GiB / 246.6GiB
2025-11-29 12:57:54+00:00,278c86848d68,site-1,0.33%,16.2GiB / 246.6GiB
2025-11-29 12:57:54+00:00,2356666b517a,site-5,0.15%,16.23GiB / 246.6GiB
2025-11-29 12:57:54+00:00,e201cdd8f6d4,server1,7.86%,60.27GiB / 246.6GiB
2025-11-29 12:57:54+00:00,1cf4e2b93527,site-2,0.13%,14.26GiB / 246.6GiB
2025-11-29 12:57:54+00:00,f0299ef4ad8e,site-4,0.16%,19.1GiB / 246.6GiB
2025-11-29 12:57:54+00:00,09ba41e96841,site-3,0.15%,16.22GiB / 246.6GiB
2025-11-29 12:57:54+00:00,87633adfad36,site-6,0.14%,16.28GiB / 246.6GiB
2025-11-29 12:58:02+00:00,278c86848d68,site-1,0.15%,16.2GiB / 246.6GiB
2025-11-29 12:58:02+00:00,2356666b517a,site-5,0.15%,16.23GiB / 246.6GiB
2025-11-29 12:58:02+00:00,e201cdd8f6d4,server1,7.91%,60.27GiB / 246.6GiB
2025-11-29 12:58:02+00:00,1cf4e2b93527,site-2,0.14%,14.26GiB / 246.6GiB
2025-11-29 12:58:02+00:00,f0299ef4ad8e,site-4,0.17%,19.1GiB / 246.6GiB
2025-11-29 12:58:02+00:00,09ba41e96841,site-3,0.14%,16.22GiB / 246.6GiB
2025-11-29 12:58:02+00:00,87633adfad36,site-6,0.14%,16.28GiB / 246.6GiB
2025-11-29 12:58:09+00:00,278c86848d68,site-1,0.21%,16.2GiB / 246.6GiB
2025-11-29 12:58:09+00:00,2356666b517a,site-5,0.12%,16.23GiB / 246.6GiB
2025-11-29 12:58:09+00:00,e201cdd8f6d4,server1,0.39%,58.69GiB / 246.6GiB
2025-11-29 12:58:09+00:00,1cf4e2b93527,site-2,0.10%,14.26GiB / 246.6GiB
2025-11-29 12:58:09+00:00,f0299ef4ad8e,site-4,0.11%,19.1GiB / 246.6GiB
2025-11-29 12:58:09+00:00,09ba41e96841,site-3,0.10%,16.22GiB / 246.6GiB
2025-11-29 12:58:09+00:00,87633adfad36,site-6,0.37%,16.28GiB / 246.6GiB
2025-11-29 12:58:17+00:00,278c86848d68,site-1,0.14%,16.2GiB / 246.6GiB
2025-11-29 12:58:17+00:00,2356666b517a,site-5,0.16%,16.23GiB / 246.6GiB
2025-11-29 12:58:17+00:00,e201cdd8f6d4,server1,102.12%,65.94GiB / 246.6GiB
2025-11-29 12:58:17+00:00,1cf4e2b93527,site-2,0.17%,14.26GiB / 246.6GiB
2025-11-29 12:58:17+00:00,f0299ef4ad8e,site-4,0.15%,19.1GiB / 246.6GiB
2025-11-29 12:58:17+00:00,09ba41e96841,site-3,0.15%,16.22GiB / 246.6GiB
2025-11-29 12:58:17+00:00,87633adfad36,site-6,0.18%,16.28GiB / 246.6GiB
2025-11-29 12:58:24+00:00,278c86848d68,site-1,16.56%,19.33GiB / 246.6GiB
2025-11-29 12:58:24+00:00,2356666b517a,site-5,34.90%,19.36GiB / 246.6GiB
2025-11-29 12:58:24+00:00,e201cdd8f6d4,server1,145.39%,70.38GiB / 246.6GiB
2025-11-29 12:58:24+00:00,1cf4e2b93527,site-2,97.12%,17.39GiB / 246.6GiB
2025-11-29 12:58:24+00:00,f0299ef4ad8e,site-4,60.43%,20.53GiB / 246.6GiB
2025-11-29 12:58:24+00:00,09ba41e96841,site-3,15.91%,19.35GiB / 246.6GiB
2025-11-29 12:58:24+00:00,87633adfad36,site-6,102.39%,19.24GiB / 246.6GiB
2025-11-29 12:58:32+00:00,278c86848d68,site-1,18.04%,19.33GiB / 246.6GiB
2025-11-29 12:58:32+00:00,2356666b517a,site-5,19.57%,19.36GiB / 246.6GiB
2025-11-29 12:58:32+00:00,e201cdd8f6d4,server1,167.59%,70.37GiB / 246.6GiB
2025-11-29 12:58:32+00:00,1cf4e2b93527,site-2,24.30%,17.39GiB / 246.6GiB
2025-11-29 12:58:32+00:00,f0299ef4ad8e,site-4,17.52%,22.23GiB / 246.6GiB
2025-11-29 12:58:32+00:00,09ba41e96841,site-3,17.91%,19.35GiB / 246.6GiB
2025-11-29 12:58:32+00:00,87633adfad36,site-6,16.78%,19.42GiB / 246.6GiB
2025-11-29 12:58:39+00:00,278c86848d68,site-1,19.24%,19.33GiB / 246.6GiB
2025-11-29 12:58:39+00:00,2356666b517a,site-5,21.71%,19.37GiB / 246.6GiB
2025-11-29 12:58:39+00:00,e201cdd8f6d4,server1,168.89%,70.38GiB / 246.6GiB
2025-11-29 12:58:39+00:00,1cf4e2b93527,site-2,25.14%,17.39GiB / 246.6GiB
2025-11-29 12:58:39+00:00,f0299ef4ad8e,site-4,16.85%,22.23GiB / 246.6GiB
2025-11-29 12:58:39+00:00,09ba41e96841,site-3,17.81%,19.35GiB / 246.6GiB
2025-11-29 12:58:39+00:00,87633adfad36,site-6,17.39%,19.42GiB / 246.6GiB
2025-11-29 12:58:47+00:00,278c86848d68,site-1,22.24%,19.33GiB / 246.6GiB
2025-11-29 12:58:47+00:00,2356666b517a,site-5,20.40%,19.37GiB / 246.6GiB
2025-11-29 12:58:47+00:00,e201cdd8f6d4,server1,171.27%,70.37GiB / 246.6GiB
2025-11-29 12:58:47+00:00,1cf4e2b93527,site-2,23.25%,17.39GiB / 246.6GiB
2025-11-29 12:58:47+00:00,f0299ef4ad8e,site-4,18.22%,22.23GiB / 246.6GiB
2025-11-29 12:58:47+00:00,09ba41e96841,site-3,21.58%,19.36GiB / 246.6GiB
2025-11-29 12:58:47+00:00,87633adfad36,site-6,20.21%,19.42GiB / 246.6GiB
2025-11-29 12:58:54+00:00,278c86848d68,site-1,101.68%,22.46GiB / 246.6GiB
2025-11-29 12:58:54+00:00,2356666b517a,site-5,101.44%,22.5GiB / 246.6GiB
2025-11-29 12:58:54+00:00,e201cdd8f6d4,server1,35.84%,71.08GiB / 246.6GiB
2025-11-29 12:58:54+00:00,1cf4e2b93527,site-2,102.71%,20.53GiB / 246.6GiB
2025-11-29 12:58:54+00:00,f0299ef4ad8e,site-4,72.42%,15.75GiB / 246.6GiB
2025-11-29 12:58:54+00:00,09ba41e96841,site-3,102.54%,22GiB / 246.6GiB
2025-11-29 12:58:54+00:00,87633adfad36,site-6,103.93%,22.35GiB / 246.6GiB
2025-11-29 12:59:02+00:00,278c86848d68,site-1,3.03%,15.98GiB / 246.6GiB
2025-11-29 12:59:02+00:00,2356666b517a,site-5,2.65%,16.24GiB / 246.6GiB
2025-11-29 12:59:02+00:00,e201cdd8f6d4,server1,106.57%,81.85GiB / 246.6GiB
2025-11-29 12:59:02+00:00,1cf4e2b93527,site-2,55.28%,16.22GiB / 246.6GiB
2025-11-29 12:59:02+00:00,f0299ef4ad8e,site-4,2.28%,15.75GiB / 246.6GiB
2025-11-29 12:59:02+00:00,09ba41e96841,site-3,31.46%,16.23GiB / 246.6GiB
2025-11-29 12:59:02+00:00,87633adfad36,site-6,2.47%,16.29GiB / 246.6GiB
2025-11-29 12:59:10+00:00,278c86848d68,site-1,13.49%,15.99GiB / 246.6GiB
2025-11-29 12:59:10+00:00,2356666b517a,site-5,13.97%,16.24GiB / 246.6GiB
2025-11-29 12:59:10+00:00,e201cdd8f6d4,server1,162.20%,89.2GiB / 246.6GiB
2025-11-29 12:59:10+00:00,1cf4e2b93527,site-2,13.48%,16.22GiB / 246.6GiB
2025-11-29 12:59:10+00:00,f0299ef4ad8e,site-4,13.24%,15.76GiB / 246.6GiB
2025-11-29 12:59:10+00:00,09ba41e96841,site-3,13.06%,16.23GiB / 246.6GiB
2025-11-29 12:59:10+00:00,87633adfad36,site-6,13.54%,16.29GiB / 246.6GiB
2025-11-29 12:59:17+00:00,278c86848d68,site-1,13.43%,15.99GiB / 246.6GiB
2025-11-29 12:59:17+00:00,2356666b517a,site-5,13.98%,16.24GiB / 246.6GiB
2025-11-29 12:59:17+00:00,e201cdd8f6d4,server1,161.87%,89.2GiB / 246.6GiB
2025-11-29 12:59:17+00:00,1cf4e2b93527,site-2,15.19%,16.22GiB / 246.6GiB
2025-11-29 12:59:17+00:00,f0299ef4ad8e,site-4,13.74%,15.76GiB / 246.6GiB
2025-11-29 12:59:17+00:00,09ba41e96841,site-3,13.59%,16.23GiB / 246.6GiB
2025-11-29 12:59:17+00:00,87633adfad36,site-6,14.42%,16.29GiB / 246.6GiB
2025-11-29 12:59:25+00:00,278c86848d68,site-1,13.66%,15.99GiB / 246.6GiB
2025-11-29 12:59:25+00:00,2356666b517a,site-5,14.03%,16.24GiB / 246.6GiB
2025-11-29 12:59:25+00:00,e201cdd8f6d4,server1,160.02%,89.2GiB / 246.6GiB
2025-11-29 12:59:25+00:00,1cf4e2b93527,site-2,16.01%,16.22GiB / 246.6GiB
2025-11-29 12:59:25+00:00,f0299ef4ad8e,site-4,14.12%,15.76GiB / 246.6GiB
2025-11-29 12:59:25+00:00,09ba41e96841,site-3,14.65%,16.23GiB / 246.6GiB
2025-11-29 12:59:25+00:00,87633adfad36,site-6,14.00%,16.29GiB / 246.6GiB
2025-11-29 12:59:32+00:00,278c86848d68,site-1,13.61%,15.99GiB / 246.6GiB
2025-11-29 12:59:32+00:00,2356666b517a,site-5,14.24%,16.24GiB / 246.6GiB
2025-11-29 12:59:32+00:00,e201cdd8f6d4,server1,162.57%,89.2GiB / 246.6GiB
2025-11-29 12:59:32+00:00,1cf4e2b93527,site-2,13.33%,16.22GiB / 246.6GiB
2025-11-29 12:59:32+00:00,f0299ef4ad8e,site-4,13.61%,15.76GiB / 246.6GiB
2025-11-29 12:59:32+00:00,09ba41e96841,site-3,14.16%,16.23GiB / 246.6GiB
2025-11-29 12:59:32+00:00,87633adfad36,site-6,16.40%,16.29GiB / 246.6GiB
2025-11-29 12:59:40+00:00,278c86848d68,site-1,0.14%,15.98GiB / 246.6GiB
2025-11-29 12:59:40+00:00,2356666b517a,site-5,0.49%,16.24GiB / 246.6GiB
2025-11-29 12:59:40+00:00,e201cdd8f6d4,server1,105.71%,93.4GiB / 246.6GiB
2025-11-29 12:59:40+00:00,1cf4e2b93527,site-2,0.28%,16.22GiB / 246.6GiB
2025-11-29 12:59:40+00:00,f0299ef4ad8e,site-4,0.13%,15.75GiB / 246.6GiB
2025-11-29 12:59:40+00:00,09ba41e96841,site-3,0.82%,16.23GiB / 246.6GiB
2025-11-29 12:59:40+00:00,87633adfad36,site-6,1.12%,16.29GiB / 246.6GiB
2025-11-29 12:59:47+00:00,278c86848d68,site-1,19.87%,15.99GiB / 246.6GiB
2025-11-29 12:59:47+00:00,2356666b517a,site-5,15.58%,16.24GiB / 246.6GiB
2025-11-29 12:59:47+00:00,e201cdd8f6d4,server1,162.74%,80.93GiB / 246.6GiB
2025-11-29 12:59:47+00:00,1cf4e2b93527,site-2,18.40%,16.22GiB / 246.6GiB
2025-11-29 12:59:47+00:00,f0299ef4ad8e,site-4,0.41%,15.75GiB / 246.6GiB
2025-11-29 12:59:47+00:00,09ba41e96841,site-3,17.23%,16.23GiB / 246.6GiB
2025-11-29 12:59:47+00:00,87633adfad36,site-6,16.54%,16.29GiB / 246.6GiB
2025-11-29 12:59:55+00:00,278c86848d68,site-1,0.36%,15.98GiB / 246.6GiB
2025-11-29 12:59:55+00:00,2356666b517a,site-5,0.33%,16.24GiB / 246.6GiB
2025-11-29 12:59:55+00:00,e201cdd8f6d4,server1,104.82%,90.59GiB / 246.6GiB
2025-11-29 12:59:55+00:00,1cf4e2b93527,site-2,1.08%,16.22GiB / 246.6GiB
2025-11-29 12:59:55+00:00,f0299ef4ad8e,site-4,0.14%,15.75GiB / 246.6GiB
2025-11-29 12:59:55+00:00,09ba41e96841,site-3,0.86%,16.23GiB / 246.6GiB
2025-11-29 12:59:55+00:00,87633adfad36,site-6,0.33%,16.29GiB / 246.6GiB
2025-11-29 13:00:02+00:00,278c86848d68,site-1,0.16%,15.98GiB / 246.6GiB
2025-11-29 13:00:02+00:00,2356666b517a,site-5,0.14%,16.24GiB / 246.6GiB
2025-11-29 13:00:02+00:00,e201cdd8f6d4,server1,103.26%,99.12GiB / 246.6GiB
2025-11-29 13:00:02+00:00,1cf4e2b93527,site-2,0.52%,16.22GiB / 246.6GiB
2025-11-29 13:00:02+00:00,f0299ef4ad8e,site-4,0.10%,15.75GiB / 246.6GiB
2025-11-29 13:00:02+00:00,09ba41e96841,site-3,0.21%,16.23GiB / 246.6GiB
2025-11-29 13:00:02+00:00,87633adfad36,site-6,0.16%,16.29GiB / 246.6GiB
2025-11-29 13:00:10+00:00,278c86848d68,site-1,0.26%,15.98GiB / 246.6GiB
2025-11-29 13:00:10+00:00,2356666b517a,site-5,0.47%,16.24GiB / 246.6GiB
2025-11-29 13:00:10+00:00,e201cdd8f6d4,server1,105.09%,105.9GiB / 246.6GiB
2025-11-29 13:00:10+00:00,1cf4e2b93527,site-2,0.28%,16.22GiB / 246.6GiB
2025-11-29 13:00:10+00:00,f0299ef4ad8e,site-4,0.29%,15.75GiB / 246.6GiB
2025-11-29 13:00:10+00:00,09ba41e96841,site-3,0.13%,16.23GiB / 246.6GiB
2025-11-29 13:00:10+00:00,87633adfad36,site-6,0.30%,16.29GiB / 246.6GiB
2025-11-29 13:00:17+00:00,278c86848d68,site-1,0.14%,15.98GiB / 246.6GiB
2025-11-29 13:00:17+00:00,2356666b517a,site-5,0.16%,16.24GiB / 246.6GiB
2025-11-29 13:00:17+00:00,e201cdd8f6d4,server1,100.91%,97.19GiB / 246.6GiB
2025-11-29 13:00:17+00:00,1cf4e2b93527,site-2,0.42%,16.22GiB / 246.6GiB
2025-11-29 13:00:17+00:00,f0299ef4ad8e,site-4,0.25%,15.75GiB / 246.6GiB
2025-11-29 13:00:17+00:00,09ba41e96841,site-3,0.14%,16.23GiB / 246.6GiB
2025-11-29 13:00:17+00:00,87633adfad36,site-6,0.16%,16.29GiB / 246.6GiB
2025-11-29 13:00:25+00:00,278c86848d68,site-1,0.25%,15.98GiB / 246.6GiB
2025-11-29 13:00:25+00:00,2356666b517a,site-5,0.39%,16.24GiB / 246.6GiB
2025-11-29 13:00:25+00:00,e201cdd8f6d4,server1,101.06%,69.38GiB / 246.6GiB
2025-11-29 13:00:25+00:00,1cf4e2b93527,site-2,0.25%,16.22GiB / 246.6GiB
2025-11-29 13:00:25+00:00,f0299ef4ad8e,site-4,0.11%,15.75GiB / 246.6GiB
2025-11-29 13:00:25+00:00,09ba41e96841,site-3,0.11%,16.23GiB / 246.6GiB
2025-11-29 13:00:25+00:00,87633adfad36,site-6,0.55%,16.29GiB / 246.6GiB
2025-11-29 13:00:32+00:00,278c86848d68,site-1,0.15%,15.98GiB / 246.6GiB
2025-11-29 13:00:32+00:00,2356666b517a,site-5,0.16%,16.24GiB / 246.6GiB
2025-11-29 13:00:32+00:00,e201cdd8f6d4,server1,7.66%,69.39GiB / 246.6GiB
2025-11-29 13:00:32+00:00,1cf4e2b93527,site-2,0.14%,16.22GiB / 246.6GiB
2025-11-29 13:00:32+00:00,f0299ef4ad8e,site-4,0.16%,15.75GiB / 246.6GiB
2025-11-29 13:00:32+00:00,09ba41e96841,site-3,0.13%,16.23GiB / 246.6GiB
2025-11-29 13:00:32+00:00,87633adfad36,site-6,0.16%,16.29GiB / 246.6GiB
2025-11-29 13:00:40+00:00,278c86848d68,site-1,0.49%,15.98GiB / 246.6GiB
2025-11-29 13:00:40+00:00,2356666b517a,site-5,0.34%,16.24GiB / 246.6GiB
2025-11-29 13:00:40+00:00,e201cdd8f6d4,server1,8.90%,69.39GiB / 246.6GiB
2025-11-29 13:00:40+00:00,1cf4e2b93527,site-2,0.49%,16.22GiB / 246.6GiB
2025-11-29 13:00:40+00:00,f0299ef4ad8e,site-4,0.15%,15.75GiB / 246.6GiB
2025-11-29 13:00:40+00:00,09ba41e96841,site-3,0.16%,16.23GiB / 246.6GiB
2025-11-29 13:00:40+00:00,87633adfad36,site-6,0.30%,16.29GiB / 246.6GiB
2025-11-29 13:00:48+00:00,278c86848d68,site-1,0.15%,15.98GiB / 246.6GiB
2025-11-29 13:00:48+00:00,2356666b517a,site-5,0.14%,16.24GiB / 246.6GiB
2025-11-29 13:00:48+00:00,e201cdd8f6d4,server1,7.10%,69.39GiB / 246.6GiB
2025-11-29 13:00:48+00:00,1cf4e2b93527,site-2,0.14%,16.22GiB / 246.6GiB
2025-11-29 13:00:48+00:00,f0299ef4ad8e,site-4,0.15%,15.75GiB / 246.6GiB
2025-11-29 13:00:48+00:00,09ba41e96841,site-3,0.14%,16.23GiB / 246.6GiB
2025-11-29 13:00:48+00:00,87633adfad36,site-6,0.13%,16.29GiB / 246.6GiB
2025-11-29 13:00:55+00:00,278c86848d68,site-1,0.28%,15.98GiB / 246.6GiB
2025-11-29 13:00:55+00:00,2356666b517a,site-5,0.18%,16.24GiB / 246.6GiB
2025-11-29 13:00:55+00:00,e201cdd8f6d4,server1,102.60%,71.94GiB / 246.6GiB
2025-11-29 13:00:55+00:00,1cf4e2b93527,site-2,0.31%,16.22GiB / 246.6GiB
2025-11-29 13:00:55+00:00,f0299ef4ad8e,site-4,0.17%,15.75GiB / 246.6GiB
2025-11-29 13:00:55+00:00,09ba41e96841,site-3,0.22%,16.23GiB / 246.6GiB
2025-11-29 13:00:55+00:00,87633adfad36,site-6,0.31%,16.29GiB / 246.6GiB
2025-11-29 13:01:03+00:00,278c86848d68,site-1,0.16%,15.98GiB / 246.6GiB
2025-11-29 13:01:03+00:00,2356666b517a,site-5,0.18%,16.24GiB / 246.6GiB
2025-11-29 13:01:03+00:00,e201cdd8f6d4,server1,102.28%,77.01GiB / 246.6GiB
2025-11-29 13:01:03+00:00,1cf4e2b93527,site-2,0.14%,16.22GiB / 246.6GiB
2025-11-29 13:01:03+00:00,f0299ef4ad8e,site-4,0.16%,15.75GiB / 246.6GiB
2025-11-29 13:01:03+00:00,09ba41e96841,site-3,0.15%,16.23GiB / 246.6GiB
2025-11-29 13:01:03+00:00,87633adfad36,site-6,0.17%,16.29GiB / 246.6GiB
2025-11-29 13:01:10+00:00,278c86848d68,site-1,20.06%,19.11GiB / 246.6GiB
2025-11-29 13:01:10+00:00,2356666b517a,site-5,20.42%,19.37GiB / 246.6GiB
2025-11-29 13:01:10+00:00,e201cdd8f6d4,server1,167.92%,78.55GiB / 246.6GiB
2025-11-29 13:01:10+00:00,1cf4e2b93527,site-2,22.05%,19.35GiB / 246.6GiB
2025-11-29 13:01:10+00:00,f0299ef4ad8e,site-4,22.86%,18.88GiB / 246.6GiB
2025-11-29 13:01:10+00:00,09ba41e96841,site-3,20.95%,19.36GiB / 246.6GiB
2025-11-29 13:01:10+00:00,87633adfad36,site-6,20.22%,19.42GiB / 246.6GiB
2025-11-29 13:01:18+00:00,278c86848d68,site-1,19.24%,19.11GiB / 246.6GiB
2025-11-29 13:01:18+00:00,2356666b517a,site-5,18.78%,19.37GiB / 246.6GiB
2025-11-29 13:01:18+00:00,e201cdd8f6d4,server1,169.01%,78.54GiB / 246.6GiB
2025-11-29 13:01:18+00:00,1cf4e2b93527,site-2,24.23%,19.35GiB / 246.6GiB
2025-11-29 13:01:18+00:00,f0299ef4ad8e,site-4,21.36%,18.88GiB / 246.6GiB
2025-11-29 13:01:18+00:00,09ba41e96841,site-3,19.95%,19.36GiB / 246.6GiB
2025-11-29 13:01:18+00:00,87633adfad36,site-6,19.50%,19.42GiB / 246.6GiB
2025-11-29 13:01:25+00:00,278c86848d68,site-1,18.30%,19.11GiB / 246.6GiB
2025-11-29 13:01:25+00:00,2356666b517a,site-5,20.98%,19.37GiB / 246.6GiB
2025-11-29 13:01:25+00:00,e201cdd8f6d4,server1,169.87%,78.55GiB / 246.6GiB
2025-11-29 13:01:25+00:00,1cf4e2b93527,site-2,25.67%,19.35GiB / 246.6GiB
2025-11-29 13:01:25+00:00,f0299ef4ad8e,site-4,22.40%,18.88GiB / 246.6GiB
2025-11-29 13:01:25+00:00,09ba41e96841,site-3,35.56%,19.36GiB / 246.6GiB
2025-11-29 13:01:25+00:00,87633adfad36,site-6,18.65%,19.42GiB / 246.6GiB
2025-11-29 13:01:33+00:00,278c86848d68,site-1,28.87%,19.11GiB / 246.6GiB
2025-11-29 13:01:33+00:00,2356666b517a,site-5,28.55%,19.37GiB / 246.6GiB
2025-11-29 13:01:33+00:00,e201cdd8f6d4,server1,162.98%,78.55GiB / 246.6GiB
2025-11-29 13:01:33+00:00,1cf4e2b93527,site-2,68.98%,19.85GiB / 246.6GiB
2025-11-29 13:01:33+00:00,f0299ef4ad8e,site-4,21.04%,18.88GiB / 246.6GiB
2025-11-29 13:01:33+00:00,09ba41e96841,site-3,64.78%,19.62GiB / 246.6GiB
2025-11-29 13:01:33+00:00,87633adfad36,site-6,28.35%,19.42GiB / 246.6GiB
2025-11-29 13:01:40+00:00,278c86848d68,site-1,0.54%,19.34GiB / 246.6GiB
2025-11-29 13:01:40+00:00,2356666b517a,site-5,338.22%,12.46GiB / 246.6GiB
2025-11-29 13:01:40+00:00,e201cdd8f6d4,server1,131.67%,82.32GiB / 246.6GiB
2025-11-29 13:01:40+00:00,1cf4e2b93527,site-2,714.06%,16.24GiB / 246.6GiB
2025-11-29 13:01:40+00:00,f0299ef4ad8e,site-4,0.31%,16.42GiB / 246.6GiB
2025-11-29 13:01:40+00:00,09ba41e96841,site-3,0.22%,16.25GiB / 246.6GiB
2025-11-29 13:01:40+00:00,87633adfad36,site-6,684.18%,16.29GiB / 246.6GiB
2025-11-29 13:01:48+00:00,278c86848d68,site-1,14.23%,19.35GiB / 246.6GiB
2025-11-29 13:01:48+00:00,2356666b517a,site-5,14.26%,12.46GiB / 246.6GiB
2025-11-29 13:01:48+00:00,e201cdd8f6d4,server1,125.96%,97.35GiB / 246.6GiB
2025-11-29 13:01:48+00:00,1cf4e2b93527,site-2,14.05%,16.25GiB / 246.6GiB
2025-11-29 13:01:48+00:00,f0299ef4ad8e,site-4,15.43%,16.42GiB / 246.6GiB
2025-11-29 13:01:48+00:00,09ba41e96841,site-3,13.78%,16.25GiB / 246.6GiB
2025-11-29 13:01:48+00:00,87633adfad36,site-6,13.80%,16.29GiB / 246.6GiB
2025-11-29 13:01:56+00:00,278c86848d68,site-1,13.13%,19.35GiB / 246.6GiB
2025-11-29 13:01:56+00:00,2356666b517a,site-5,13.66%,12.46GiB / 246.6GiB
2025-11-29 13:01:56+00:00,e201cdd8f6d4,server1,160.14%,97.35GiB / 246.6GiB
2025-11-29 13:01:56+00:00,1cf4e2b93527,site-2,13.92%,16.25GiB / 246.6GiB
2025-11-29 13:01:56+00:00,f0299ef4ad8e,site-4,13.31%,16.43GiB / 246.6GiB
2025-11-29 13:01:56+00:00,09ba41e96841,site-3,14.37%,16.25GiB / 246.6GiB
2025-11-29 13:01:56+00:00,87633adfad36,site-6,13.30%,16.29GiB / 246.6GiB
2025-11-29 13:02:03+00:00,278c86848d68,site-1,14.53%,19.35GiB / 246.6GiB
2025-11-29 13:02:03+00:00,2356666b517a,site-5,14.15%,12.46GiB / 246.6GiB
2025-11-29 13:02:03+00:00,e201cdd8f6d4,server1,157.45%,97.35GiB / 246.6GiB
2025-11-29 13:02:03+00:00,1cf4e2b93527,site-2,14.83%,16.25GiB / 246.6GiB
2025-11-29 13:02:03+00:00,f0299ef4ad8e,site-4,13.40%,16.43GiB / 246.6GiB
2025-11-29 13:02:03+00:00,09ba41e96841,site-3,13.74%,16.25GiB / 246.6GiB
2025-11-29 13:02:03+00:00,87633adfad36,site-6,13.68%,16.29GiB / 246.6GiB
2025-11-29 13:02:11+00:00,278c86848d68,site-1,16.45%,19.35GiB / 246.6GiB
2025-11-29 13:02:11+00:00,2356666b517a,site-5,16.97%,12.46GiB / 246.6GiB
2025-11-29 13:02:11+00:00,e201cdd8f6d4,server1,158.09%,97.35GiB / 246.6GiB
2025-11-29 13:02:11+00:00,1cf4e2b93527,site-2,14.63%,16.25GiB / 246.6GiB
2025-11-29 13:02:11+00:00,f0299ef4ad8e,site-4,14.21%,16.42GiB / 246.6GiB
2025-11-29 13:02:11+00:00,09ba41e96841,site-3,13.67%,16.25GiB / 246.6GiB
2025-11-29 13:02:11+00:00,87633adfad36,site-6,13.85%,16.29GiB / 246.6GiB
2025-11-29 13:02:18+00:00,278c86848d68,site-1,14.73%,19.35GiB / 246.6GiB
2025-11-29 13:02:18+00:00,2356666b517a,site-5,14.18%,12.46GiB / 246.6GiB
2025-11-29 13:02:18+00:00,e201cdd8f6d4,server1,163.34%,97.35GiB / 246.6GiB
2025-11-29 13:02:18+00:00,1cf4e2b93527,site-2,14.52%,16.25GiB / 246.6GiB
2025-11-29 13:02:18+00:00,f0299ef4ad8e,site-4,13.91%,16.43GiB / 246.6GiB
2025-11-29 13:02:18+00:00,09ba41e96841,site-3,14.26%,16.25GiB / 246.6GiB
2025-11-29 13:02:18+00:00,87633adfad36,site-6,13.78%,16.29GiB / 246.6GiB
2025-11-29 13:02:26+00:00,278c86848d68,site-1,19.12%,19.35GiB / 246.6GiB
2025-11-29 13:02:26+00:00,2356666b517a,site-5,18.39%,12.46GiB / 246.6GiB
2025-11-29 13:02:26+00:00,e201cdd8f6d4,server1,260.21%,97.31GiB / 246.6GiB
2025-11-29 13:02:26+00:00,1cf4e2b93527,site-2,17.56%,16.25GiB / 246.6GiB
2025-11-29 13:02:26+00:00,f0299ef4ad8e,site-4,0.31%,16.42GiB / 246.6GiB
2025-11-29 13:02:26+00:00,09ba41e96841,site-3,18.90%,16.25GiB / 246.6GiB
2025-11-29 13:02:26+00:00,87633adfad36,site-6,8.95%,16.29GiB / 246.6GiB
2025-11-29 13:02:33+00:00,278c86848d68,site-1,0.13%,19.34GiB / 246.6GiB
2025-11-29 13:02:33+00:00,2356666b517a,site-5,0.11%,12.46GiB / 246.6GiB
2025-11-29 13:02:33+00:00,e201cdd8f6d4,server1,101.86%,92.59GiB / 246.6GiB
2025-11-29 13:02:33+00:00,1cf4e2b93527,site-2,0.10%,16.24GiB / 246.6GiB
2025-11-29 13:02:33+00:00,f0299ef4ad8e,site-4,0.12%,16.42GiB / 246.6GiB
2025-11-29 13:02:33+00:00,09ba41e96841,site-3,0.13%,16.25GiB / 246.6GiB
2025-11-29 13:02:33+00:00,87633adfad36,site-6,0.10%,16.29GiB / 246.6GiB
2025-11-29 13:02:41+00:00,278c86848d68,site-1,0.44%,19.34GiB / 246.6GiB
2025-11-29 13:02:41+00:00,2356666b517a,site-5,0.30%,12.46GiB / 246.6GiB
2025-11-29 13:02:41+00:00,e201cdd8f6d4,server1,103.08%,99.9GiB / 246.6GiB
2025-11-29 13:02:41+00:00,1cf4e2b93527,site-2,0.26%,16.24GiB / 246.6GiB
2025-11-29 13:02:41+00:00,f0299ef4ad8e,site-4,0.30%,16.42GiB / 246.6GiB
2025-11-29 13:02:41+00:00,09ba41e96841,site-3,0.15%,16.25GiB / 246.6GiB
2025-11-29 13:02:41+00:00,87633adfad36,site-6,0.12%,16.29GiB / 246.6GiB
2025-11-29 13:02:48+00:00,278c86848d68,site-1,0.12%,19.34GiB / 246.6GiB
2025-11-29 13:02:48+00:00,2356666b517a,site-5,0.11%,12.46GiB / 246.6GiB
2025-11-29 13:02:48+00:00,e201cdd8f6d4,server1,103.13%,106.2GiB / 246.6GiB
2025-11-29 13:02:48+00:00,1cf4e2b93527,site-2,0.09%,16.24GiB / 246.6GiB
2025-11-29 13:02:48+00:00,f0299ef4ad8e,site-4,0.11%,16.42GiB / 246.6GiB
2025-11-29 13:02:48+00:00,09ba41e96841,site-3,0.12%,16.25GiB / 246.6GiB
2025-11-29 13:02:48+00:00,87633adfad36,site-6,0.23%,16.29GiB / 246.6GiB
2025-11-29 13:02:56+00:00,278c86848d68,site-1,0.24%,19.34GiB / 246.6GiB
2025-11-29 13:02:56+00:00,2356666b517a,site-5,0.15%,12.46GiB / 246.6GiB
2025-11-29 13:02:56+00:00,e201cdd8f6d4,server1,110.48%,114.8GiB / 246.6GiB
2025-11-29 13:02:56+00:00,1cf4e2b93527,site-2,0.14%,16.24GiB / 246.6GiB
2025-11-29 13:02:56+00:00,f0299ef4ad8e,site-4,0.31%,16.42GiB / 246.6GiB
2025-11-29 13:02:56+00:00,09ba41e96841,site-3,0.15%,16.25GiB / 246.6GiB
2025-11-29 13:02:56+00:00,87633adfad36,site-6,0.15%,16.29GiB / 246.6GiB
2025-11-29 13:03:03+00:00,278c86848d68,site-1,0.12%,19.34GiB / 246.6GiB
2025-11-29 13:03:03+00:00,2356666b517a,site-5,0.15%,12.46GiB / 246.6GiB
2025-11-29 13:03:03+00:00,e201cdd8f6d4,server1,101.56%,95.09GiB / 246.6GiB
2025-11-29 13:03:03+00:00,1cf4e2b93527,site-2,0.32%,16.24GiB / 246.6GiB
2025-11-29 13:03:03+00:00,f0299ef4ad8e,site-4,0.16%,16.42GiB / 246.6GiB
2025-11-29 13:03:03+00:00,09ba41e96841,site-3,0.47%,16.25GiB / 246.6GiB
2025-11-29 13:03:03+00:00,87633adfad36,site-6,0.11%,16.29GiB / 246.6GiB
2025-11-29 13:03:11+00:00,278c86848d68,site-1,0.32%,19.34GiB / 246.6GiB
2025-11-29 13:03:11+00:00,2356666b517a,site-5,0.32%,12.46GiB / 246.6GiB
2025-11-29 13:03:11+00:00,e201cdd8f6d4,server1,8.19%,74.62GiB / 246.6GiB
2025-11-29 13:03:11+00:00,1cf4e2b93527,site-2,0.29%,16.24GiB / 246.6GiB
2025-11-29 13:03:11+00:00,f0299ef4ad8e,site-4,0.18%,16.42GiB / 246.6GiB
2025-11-29 13:03:11+00:00,09ba41e96841,site-3,0.15%,16.25GiB / 246.6GiB
2025-11-29 13:03:11+00:00,87633adfad36,site-6,0.29%,16.29GiB / 246.6GiB
2025-11-29 13:03:18+00:00,278c86848d68,site-1,0.14%,19.34GiB / 246.6GiB
2025-11-29 13:03:18+00:00,2356666b517a,site-5,0.15%,12.46GiB / 246.6GiB
2025-11-29 13:03:18+00:00,e201cdd8f6d4,server1,8.03%,74.62GiB / 246.6GiB
2025-11-29 13:03:18+00:00,1cf4e2b93527,site-2,0.13%,16.24GiB / 246.6GiB
2025-11-29 13:03:18+00:00,f0299ef4ad8e,site-4,0.14%,16.42GiB / 246.6GiB
2025-11-29 13:03:18+00:00,09ba41e96841,site-3,0.13%,16.25GiB / 246.6GiB
2025-11-29 13:03:18+00:00,87633adfad36,site-6,0.25%,16.29GiB / 246.6GiB
2025-11-29 13:03:26+00:00,278c86848d68,site-1,0.14%,19.34GiB / 246.6GiB
2025-11-29 13:03:26+00:00,2356666b517a,site-5,0.16%,12.46GiB / 246.6GiB
2025-11-29 13:03:26+00:00,e201cdd8f6d4,server1,7.89%,74.62GiB / 246.6GiB
2025-11-29 13:03:26+00:00,1cf4e2b93527,site-2,0.14%,16.24GiB / 246.6GiB
2025-11-29 13:03:26+00:00,f0299ef4ad8e,site-4,0.31%,16.42GiB / 246.6GiB
2025-11-29 13:03:26+00:00,09ba41e96841,site-3,0.14%,16.25GiB / 246.6GiB
2025-11-29 13:03:26+00:00,87633adfad36,site-6,0.16%,16.29GiB / 246.6GiB
2025-11-29 13:03:34+00:00,278c86848d68,site-1,0.23%,19.34GiB / 246.6GiB
2025-11-29 13:03:34+00:00,2356666b517a,site-5,0.10%,12.46GiB / 246.6GiB
2025-11-29 13:03:34+00:00,e201cdd8f6d4,server1,19.64%,74.62GiB / 246.6GiB
2025-11-29 13:03:34+00:00,1cf4e2b93527,site-2,0.22%,16.24GiB / 246.6GiB
2025-11-29 13:03:34+00:00,f0299ef4ad8e,site-4,0.12%,16.42GiB / 246.6GiB
2025-11-29 13:03:34+00:00,09ba41e96841,site-3,0.22%,16.25GiB / 246.6GiB
2025-11-29 13:03:34+00:00,87633adfad36,site-6,0.10%,16.29GiB / 246.6GiB
2025-11-29 13:03:41+00:00,278c86848d68,site-1,0.31%,19.34GiB / 246.6GiB
2025-11-29 13:03:41+00:00,2356666b517a,site-5,0.35%,12.46GiB / 246.6GiB
2025-11-29 13:03:41+00:00,e201cdd8f6d4,server1,103.04%,82.08GiB / 246.6GiB
2025-11-29 13:03:41+00:00,1cf4e2b93527,site-2,0.33%,16.24GiB / 246.6GiB
2025-11-29 13:03:41+00:00,f0299ef4ad8e,site-4,0.37%,16.42GiB / 246.6GiB
2025-11-29 13:03:41+00:00,09ba41e96841,site-3,0.16%,16.25GiB / 246.6GiB
2025-11-29 13:03:41+00:00,87633adfad36,site-6,0.29%,16.29GiB / 246.6GiB
2025-11-29 13:03:49+00:00,278c86848d68,site-1,63.97%,22.47GiB / 246.6GiB
2025-11-29 13:03:49+00:00,2356666b517a,site-5,32.16%,15.59GiB / 246.6GiB
2025-11-29 13:03:49+00:00,e201cdd8f6d4,server1,168.96%,88.41GiB / 246.6GiB
2025-11-29 13:03:49+00:00,1cf4e2b93527,site-2,75.65%,19.37GiB / 246.6GiB
2025-11-29 13:03:49+00:00,f0299ef4ad8e,site-4,31.68%,19.55GiB / 246.6GiB
2025-11-29 13:03:49+00:00,09ba41e96841,site-3,90.62%,19.38GiB / 246.6GiB
2025-11-29 13:03:49+00:00,87633adfad36,site-6,62.24%,19.42GiB / 246.6GiB
2025-11-29 13:03:56+00:00,278c86848d68,site-1,24.24%,22.47GiB / 246.6GiB
2025-11-29 13:03:56+00:00,2356666b517a,site-5,19.38%,15.59GiB / 246.6GiB
2025-11-29 13:03:56+00:00,e201cdd8f6d4,server1,168.86%,88.42GiB / 246.6GiB
2025-11-29 13:03:56+00:00,1cf4e2b93527,site-2,17.98%,19.37GiB / 246.6GiB
2025-11-29 13:03:56+00:00,f0299ef4ad8e,site-4,23.79%,19.55GiB / 246.6GiB
2025-11-29 13:03:56+00:00,09ba41e96841,site-3,19.95%,19.38GiB / 246.6GiB
2025-11-29 13:03:56+00:00,87633adfad36,site-6,20.25%,19.42GiB / 246.6GiB
2025-11-29 13:04:04+00:00,278c86848d68,site-1,24.90%,22.47GiB / 246.6GiB
2025-11-29 13:04:04+00:00,2356666b517a,site-5,22.69%,15.59GiB / 246.6GiB
2025-11-29 13:04:04+00:00,e201cdd8f6d4,server1,180.53%,88.43GiB / 246.6GiB
2025-11-29 13:04:04+00:00,1cf4e2b93527,site-2,19.35%,19.38GiB / 246.6GiB
2025-11-29 13:04:04+00:00,f0299ef4ad8e,site-4,25.44%,19.56GiB / 246.6GiB
2025-11-29 13:04:04+00:00,09ba41e96841,site-3,22.41%,19.38GiB / 246.6GiB
2025-11-29 13:04:04+00:00,87633adfad36,site-6,23.63%,19.42GiB / 246.6GiB
2025-11-29 13:04:11+00:00,278c86848d68,site-1,25.39%,22.47GiB / 246.6GiB
2025-11-29 13:04:11+00:00,2356666b517a,site-5,18.13%,15.59GiB / 246.6GiB
2025-11-29 13:04:11+00:00,e201cdd8f6d4,server1,178.66%,88.43GiB / 246.6GiB
2025-11-29 13:04:11+00:00,1cf4e2b93527,site-2,20.32%,19.38GiB / 246.6GiB
2025-11-29 13:04:11+00:00,f0299ef4ad8e,site-4,25.53%,19.56GiB / 246.6GiB
2025-11-29 13:04:11+00:00,09ba41e96841,site-3,18.70%,19.38GiB / 246.6GiB
2025-11-29 13:04:11+00:00,87633adfad36,site-6,23.85%,19.42GiB / 246.6GiB
2025-11-29 13:04:19+00:00,278c86848d68,site-1,0.18%,19.28GiB / 246.6GiB
2025-11-29 13:04:19+00:00,2356666b517a,site-5,239.53%,13.87GiB / 246.6GiB
2025-11-29 13:04:19+00:00,e201cdd8f6d4,server1,108.86%,91.81GiB / 246.6GiB
2025-11-29 13:04:19+00:00,1cf4e2b93527,site-2,68.89%,17.05GiB / 246.6GiB
2025-11-29 13:04:19+00:00,f0299ef4ad8e,site-4,4.59%,16.56GiB / 246.6GiB
2025-11-29 13:04:19+00:00,09ba41e96841,site-3,100.36%,23.14GiB / 246.6GiB
2025-11-29 13:04:19+00:00,87633adfad36,site-6,100.57%,22.68GiB / 246.6GiB
2025-11-29 13:04:26+00:00,278c86848d68,site-1,0.14%,19.28GiB / 246.6GiB
2025-11-29 13:04:26+00:00,2356666b517a,site-5,2.15%,13.87GiB / 246.6GiB
2025-11-29 13:04:26+00:00,e201cdd8f6d4,server1,105.10%,106.1GiB / 246.6GiB
2025-11-29 13:04:26+00:00,1cf4e2b93527,site-2,0.14%,16.81GiB / 246.6GiB
2025-11-29 13:04:26+00:00,f0299ef4ad8e,site-4,0.29%,16.56GiB / 246.6GiB
2025-11-29 13:04:26+00:00,09ba41e96841,site-3,0.16%,16.4GiB / 246.6GiB
2025-11-29 13:04:26+00:00,87633adfad36,site-6,0.39%,16.87GiB / 246.6GiB
2025-11-29 13:04:34+00:00,278c86848d68,site-1,13.19%,19.28GiB / 246.6GiB
2025-11-29 13:04:34+00:00,2356666b517a,site-5,13.72%,13.88GiB / 246.6GiB
2025-11-29 13:04:34+00:00,e201cdd8f6d4,server1,160.66%,107.2GiB / 246.6GiB
2025-11-29 13:04:34+00:00,1cf4e2b93527,site-2,13.11%,16.81GiB / 246.6GiB
2025-11-29 13:04:34+00:00,f0299ef4ad8e,site-4,12.99%,16.56GiB / 246.6GiB
2025-11-29 13:04:34+00:00,09ba41e96841,site-3,13.50%,16.41GiB / 246.6GiB
2025-11-29 13:04:34+00:00,87633adfad36,site-6,13.07%,16.87GiB / 246.6GiB
2025-11-29 13:04:41+00:00,278c86848d68,site-1,14.01%,19.28GiB / 246.6GiB
2025-11-29 13:04:41+00:00,2356666b517a,site-5,13.99%,13.88GiB / 246.6GiB
2025-11-29 13:04:41+00:00,e201cdd8f6d4,server1,160.63%,107.3GiB / 246.6GiB
2025-11-29 13:04:41+00:00,1cf4e2b93527,site-2,14.24%,16.81GiB / 246.6GiB
2025-11-29 13:04:41+00:00,f0299ef4ad8e,site-4,13.27%,16.56GiB / 246.6GiB
2025-11-29 13:04:41+00:00,09ba41e96841,site-3,13.66%,16.41GiB / 246.6GiB
2025-11-29 13:04:41+00:00,87633adfad36,site-6,15.79%,16.87GiB / 246.6GiB
2025-11-29 13:04:49+00:00,278c86848d68,site-1,13.69%,19.29GiB / 246.6GiB
2025-11-29 13:04:49+00:00,2356666b517a,site-5,13.85%,13.88GiB / 246.6GiB
2025-11-29 13:04:49+00:00,e201cdd8f6d4,server1,162.00%,107.3GiB / 246.6GiB
2025-11-29 13:04:49+00:00,1cf4e2b93527,site-2,13.93%,16.81GiB / 246.6GiB
2025-11-29 13:04:49+00:00,f0299ef4ad8e,site-4,13.95%,16.56GiB / 246.6GiB
2025-11-29 13:04:49+00:00,09ba41e96841,site-3,14.25%,16.41GiB / 246.6GiB
2025-11-29 13:04:49+00:00,87633adfad36,site-6,14.00%,16.87GiB / 246.6GiB
2025-11-29 13:04:57+00:00,278c86848d68,site-1,13.35%,19.29GiB / 246.6GiB
2025-11-29 13:04:57+00:00,2356666b517a,site-5,13.66%,13.88GiB / 246.6GiB
2025-11-29 13:04:57+00:00,e201cdd8f6d4,server1,158.79%,107.3GiB / 246.6GiB
2025-11-29 13:04:57+00:00,1cf4e2b93527,site-2,13.63%,16.81GiB / 246.6GiB
2025-11-29 13:04:57+00:00,f0299ef4ad8e,site-4,13.59%,16.56GiB / 246.6GiB
2025-11-29 13:04:57+00:00,09ba41e96841,site-3,13.83%,16.41GiB / 246.6GiB
2025-11-29 13:04:57+00:00,87633adfad36,site-6,14.46%,16.87GiB / 246.6GiB
2025-11-29 13:05:04+00:00,278c86848d68,site-1,0.15%,19.28GiB / 246.6GiB
2025-11-29 13:05:04+00:00,2356666b517a,site-5,0.14%,13.87GiB / 246.6GiB
2025-11-29 13:05:04+00:00,e201cdd8f6d4,server1,107.55%,108.3GiB / 246.6GiB
2025-11-29 13:05:04+00:00,1cf4e2b93527,site-2,0.15%,16.81GiB / 246.6GiB
2025-11-29 13:05:04+00:00,f0299ef4ad8e,site-4,0.13%,16.56GiB / 246.6GiB
2025-11-29 13:05:04+00:00,09ba41e96841,site-3,0.12%,16.4GiB / 246.6GiB
2025-11-29 13:05:04+00:00,87633adfad36,site-6,13.19%,16.87GiB / 246.6GiB
2025-11-29 13:05:12+00:00,278c86848d68,site-1,0.31%,19.28GiB / 246.6GiB
2025-11-29 13:05:12+00:00,2356666b517a,site-5,11.67%,13.88GiB / 246.6GiB
2025-11-29 13:05:12+00:00,e201cdd8f6d4,server1,153.01%,110.1GiB / 246.6GiB
2025-11-29 13:05:12+00:00,1cf4e2b93527,site-2,12.93%,16.81GiB / 246.6GiB
2025-11-29 13:05:12+00:00,f0299ef4ad8e,site-4,0.31%,16.56GiB / 246.6GiB
2025-11-29 13:05:12+00:00,09ba41e96841,site-3,11.42%,16.41GiB / 246.6GiB
2025-11-29 13:05:12+00:00,87633adfad36,site-6,11.14%,16.87GiB / 246.6GiB
2025-11-29 13:05:19+00:00,278c86848d68,site-1,0.15%,19.28GiB / 246.6GiB
2025-11-29 13:05:19+00:00,2356666b517a,site-5,0.15%,13.87GiB / 246.6GiB
2025-11-29 13:05:19+00:00,e201cdd8f6d4,server1,102.56%,105.6GiB / 246.6GiB
2025-11-29 13:05:19+00:00,1cf4e2b93527,site-2,0.12%,16.81GiB / 246.6GiB
2025-11-29 13:05:19+00:00,f0299ef4ad8e,site-4,0.30%,16.56GiB / 246.6GiB
2025-11-29 13:05:19+00:00,09ba41e96841,site-3,0.31%,16.4GiB / 246.6GiB
2025-11-29 13:05:19+00:00,87633adfad36,site-6,0.24%,16.87GiB / 246.6GiB
2025-11-29 13:05:27+00:00,278c86848d68,site-1,0.14%,19.28GiB / 246.6GiB
2025-11-29 13:05:27+00:00,2356666b517a,site-5,0.16%,13.87GiB / 246.6GiB
2025-11-29 13:05:27+00:00,e201cdd8f6d4,server1,102.71%,113.2GiB / 246.6GiB
2025-11-29 13:05:27+00:00,1cf4e2b93527,site-2,0.11%,16.81GiB / 246.6GiB
2025-11-29 13:05:27+00:00,f0299ef4ad8e,site-4,0.30%,16.56GiB / 246.6GiB
2025-11-29 13:05:27+00:00,09ba41e96841,site-3,0.13%,16.4GiB / 246.6GiB
2025-11-29 13:05:27+00:00,87633adfad36,site-6,0.12%,16.87GiB / 246.6GiB
2025-11-29 13:05:34+00:00,278c86848d68,site-1,0.42%,19.28GiB / 246.6GiB
2025-11-29 13:05:34+00:00,2356666b517a,site-5,0.16%,13.87GiB / 246.6GiB
2025-11-29 13:05:34+00:00,e201cdd8f6d4,server1,266.68%,120.4GiB / 246.6GiB
2025-11-29 13:05:34+00:00,1cf4e2b93527,site-2,0.16%,16.81GiB / 246.6GiB
2025-11-29 13:05:34+00:00,f0299ef4ad8e,site-4,0.11%,16.56GiB / 246.6GiB
2025-11-29 13:05:34+00:00,09ba41e96841,site-3,0.14%,16.4GiB / 246.6GiB
2025-11-29 13:05:34+00:00,87633adfad36,site-6,0.18%,16.87GiB / 246.6GiB
2025-11-29 13:05:42+00:00,278c86848d68,site-1,0.53%,19.28GiB / 246.6GiB
2025-11-29 13:05:42+00:00,2356666b517a,site-5,0.11%,13.87GiB / 246.6GiB
2025-11-29 13:05:42+00:00,e201cdd8f6d4,server1,101.21%,82.56GiB / 246.6GiB
2025-11-29 13:05:42+00:00,1cf4e2b93527,site-2,0.49%,16.81GiB / 246.6GiB
2025-11-29 13:05:42+00:00,f0299ef4ad8e,site-4,0.24%,16.56GiB / 246.6GiB
2025-11-29 13:05:42+00:00,09ba41e96841,site-3,0.36%,16.4GiB / 246.6GiB
2025-11-29 13:05:42+00:00,87633adfad36,site-6,0.36%,16.87GiB / 246.6GiB
2025-11-29 13:05:49+00:00,278c86848d68,site-1,0.16%,19.28GiB / 246.6GiB
2025-11-29 13:05:49+00:00,2356666b517a,site-5,0.15%,13.87GiB / 246.6GiB
2025-11-29 13:05:49+00:00,e201cdd8f6d4,server1,8.52%,82.63GiB / 246.6GiB
2025-11-29 13:05:49+00:00,1cf4e2b93527,site-2,0.15%,16.81GiB / 246.6GiB
2025-11-29 13:05:49+00:00,f0299ef4ad8e,site-4,0.28%,16.56GiB / 246.6GiB
2025-11-29 13:05:49+00:00,09ba41e96841,site-3,0.32%,16.4GiB / 246.6GiB
2025-11-29 13:05:49+00:00,87633adfad36,site-6,0.30%,16.87GiB / 246.6GiB
2025-11-29 13:05:57+00:00,278c86848d68,site-1,0.15%,19.28GiB / 246.6GiB
2025-11-29 13:05:57+00:00,2356666b517a,site-5,0.18%,13.87GiB / 246.6GiB
2025-11-29 13:05:57+00:00,e201cdd8f6d4,server1,8.08%,82.63GiB / 246.6GiB
2025-11-29 13:05:57+00:00,1cf4e2b93527,site-2,0.18%,16.81GiB / 246.6GiB
2025-11-29 13:05:57+00:00,f0299ef4ad8e,site-4,0.30%,16.56GiB / 246.6GiB
2025-11-29 13:05:57+00:00,09ba41e96841,site-3,0.14%,16.4GiB / 246.6GiB
2025-11-29 13:05:57+00:00,87633adfad36,site-6,0.15%,16.87GiB / 246.6GiB
2025-11-29 13:06:05+00:00,278c86848d68,site-1,0.17%,19.28GiB / 246.6GiB
2025-11-29 13:06:05+00:00,2356666b517a,site-5,0.14%,13.87GiB / 246.6GiB
2025-11-29 13:06:05+00:00,e201cdd8f6d4,server1,7.40%,82.63GiB / 246.6GiB
2025-11-29 13:06:05+00:00,1cf4e2b93527,site-2,0.12%,16.81GiB / 246.6GiB
2025-11-29 13:06:05+00:00,f0299ef4ad8e,site-4,0.15%,16.56GiB / 246.6GiB
2025-11-29 13:06:05+00:00,09ba41e96841,site-3,0.14%,16.4GiB / 246.6GiB
2025-11-29 13:06:05+00:00,87633adfad36,site-6,0.14%,16.87GiB / 246.6GiB
2025-11-29 13:06:12+00:00,278c86848d68,site-1,0.15%,19.28GiB / 246.6GiB
2025-11-29 13:06:12+00:00,2356666b517a,site-5,0.31%,13.87GiB / 246.6GiB
2025-11-29 13:06:12+00:00,e201cdd8f6d4,server1,102.71%,84.23GiB / 246.6GiB
2025-11-29 13:06:12+00:00,1cf4e2b93527,site-2,0.14%,16.81GiB / 246.6GiB
2025-11-29 13:06:12+00:00,f0299ef4ad8e,site-4,0.32%,16.56GiB / 246.6GiB
2025-11-29 13:06:12+00:00,09ba41e96841,site-3,0.15%,16.4GiB / 246.6GiB
2025-11-29 13:06:12+00:00,87633adfad36,site-6,0.16%,16.87GiB / 246.6GiB
2025-11-29 13:06:20+00:00,278c86848d68,site-1,0.17%,19.28GiB / 246.6GiB
2025-11-29 13:06:20+00:00,2356666b517a,site-5,0.17%,13.87GiB / 246.6GiB
2025-11-29 13:06:20+00:00,e201cdd8f6d4,server1,104.89%,87.98GiB / 246.6GiB
2025-11-29 13:06:20+00:00,1cf4e2b93527,site-2,0.16%,16.81GiB / 246.6GiB
2025-11-29 13:06:20+00:00,f0299ef4ad8e,site-4,0.34%,16.56GiB / 246.6GiB
2025-11-29 13:06:20+00:00,09ba41e96841,site-3,20.85%,16.88GiB / 246.6GiB
2025-11-29 13:06:20+00:00,87633adfad36,site-6,41.63%,17.87GiB / 246.6GiB
2025-11-29 13:06:27+00:00,278c86848d68,site-1,19.78%,22.41GiB / 246.6GiB
2025-11-29 13:06:27+00:00,2356666b517a,site-5,21.41%,17GiB / 246.6GiB
2025-11-29 13:06:27+00:00,e201cdd8f6d4,server1,176.22%,88.73GiB / 246.6GiB
2025-11-29 13:06:27+00:00,1cf4e2b93527,site-2,19.42%,19.94GiB / 246.6GiB
2025-11-29 13:06:27+00:00,f0299ef4ad8e,site-4,25.97%,19.69GiB / 246.6GiB
2025-11-29 13:06:27+00:00,09ba41e96841,site-3,20.40%,19.53GiB / 246.6GiB
2025-11-29 13:06:27+00:00,87633adfad36,site-6,20.56%,20GiB / 246.6GiB
2025-11-29 13:06:35+00:00,278c86848d68,site-1,20.17%,22.41GiB / 246.6GiB
2025-11-29 13:06:35+00:00,2356666b517a,site-5,34.02%,17GiB / 246.6GiB
2025-11-29 13:06:35+00:00,e201cdd8f6d4,server1,175.37%,88.73GiB / 246.6GiB
2025-11-29 13:06:35+00:00,1cf4e2b93527,site-2,18.18%,19.94GiB / 246.6GiB
2025-11-29 13:06:35+00:00,f0299ef4ad8e,site-4,23.00%,19.69GiB / 246.6GiB
2025-11-29 13:06:35+00:00,09ba41e96841,site-3,19.90%,19.53GiB / 246.6GiB
2025-11-29 13:06:35+00:00,87633adfad36,site-6,19.94%,20GiB / 246.6GiB
2025-11-29 13:06:42+00:00,278c86848d68,site-1,18.76%,22.41GiB / 246.6GiB
2025-11-29 13:06:42+00:00,2356666b517a,site-5,33.67%,17.01GiB / 246.6GiB
2025-11-29 13:06:42+00:00,e201cdd8f6d4,server1,176.42%,88.74GiB / 246.6GiB
2025-11-29 13:06:42+00:00,1cf4e2b93527,site-2,19.70%,19.94GiB / 246.6GiB
2025-11-29 13:06:42+00:00,f0299ef4ad8e,site-4,29.83%,19.69GiB / 246.6GiB
2025-11-29 13:06:42+00:00,09ba41e96841,site-3,19.58%,19.53GiB / 246.6GiB
2025-11-29 13:06:42+00:00,87633adfad36,site-6,19.97%,20GiB / 246.6GiB
2025-11-29 13:06:50+00:00,278c86848d68,site-1,78.46%,22.41GiB / 246.6GiB
2025-11-29 13:06:50+00:00,2356666b517a,site-5,103.24%,18.28GiB / 246.6GiB
2025-11-29 13:06:50+00:00,e201cdd8f6d4,server1,68.31%,88.74GiB / 246.6GiB
2025-11-29 13:06:50+00:00,1cf4e2b93527,site-2,85.66%,20.53GiB / 246.6GiB
2025-11-29 13:06:50+00:00,f0299ef4ad8e,site-4,78.05%,19.69GiB / 246.6GiB
2025-11-29 13:06:50+00:00,09ba41e96841,site-3,391.32%,16.41GiB / 246.6GiB
2025-11-29 13:06:50+00:00,87633adfad36,site-6,101.87%,20.84GiB / 246.6GiB
2025-11-29 13:06:57+00:00,278c86848d68,site-1,0.16%,16.55GiB / 246.6GiB
2025-11-29 13:06:57+00:00,2356666b517a,site-5,100.31%,15.34GiB / 246.6GiB
2025-11-29 13:06:57+00:00,e201cdd8f6d4,server1,111.29%,95.06GiB / 246.6GiB
2025-11-29 13:06:57+00:00,1cf4e2b93527,site-2,0.19%,16.36GiB / 246.6GiB
2025-11-29 13:06:57+00:00,f0299ef4ad8e,site-4,0.16%,16.19GiB / 246.6GiB
2025-11-29 13:06:57+00:00,09ba41e96841,site-3,0.16%,16.42GiB / 246.6GiB
2025-11-29 13:06:57+00:00,87633adfad36,site-6,0.18%,16.42GiB / 246.6GiB
2025-11-29 13:07:05+00:00,278c86848d68,site-1,13.62%,16.55GiB / 246.6GiB
2025-11-29 13:07:05+00:00,2356666b517a,site-5,12.87%,15.35GiB / 246.6GiB
2025-11-29 13:07:05+00:00,e201cdd8f6d4,server1,161.01%,107.6GiB / 246.6GiB
2025-11-29 13:07:05+00:00,1cf4e2b93527,site-2,13.66%,16.37GiB / 246.6GiB
2025-11-29 13:07:05+00:00,f0299ef4ad8e,site-4,13.54%,16.19GiB / 246.6GiB
2025-11-29 13:07:05+00:00,09ba41e96841,site-3,14.20%,16.43GiB / 246.6GiB
2025-11-29 13:07:05+00:00,87633adfad36,site-6,14.21%,16.42GiB / 246.6GiB
2025-11-29 13:07:12+00:00,278c86848d68,site-1,13.44%,16.55GiB / 246.6GiB
2025-11-29 13:07:12+00:00,2356666b517a,site-5,13.30%,15.34GiB / 246.6GiB
2025-11-29 13:07:12+00:00,e201cdd8f6d4,server1,158.79%,107.6GiB / 246.6GiB
2025-11-29 13:07:12+00:00,1cf4e2b93527,site-2,13.29%,16.36GiB / 246.6GiB
2025-11-29 13:07:12+00:00,f0299ef4ad8e,site-4,14.40%,16.19GiB / 246.6GiB
2025-11-29 13:07:12+00:00,09ba41e96841,site-3,13.76%,16.43GiB / 246.6GiB
2025-11-29 13:07:12+00:00,87633adfad36,site-6,14.58%,16.42GiB / 246.6GiB
2025-11-29 13:07:20+00:00,278c86848d68,site-1,13.92%,16.55GiB / 246.6GiB
2025-11-29 13:07:20+00:00,2356666b517a,site-5,13.82%,15.35GiB / 246.6GiB
2025-11-29 13:07:20+00:00,e201cdd8f6d4,server1,162.20%,107.6GiB / 246.6GiB
2025-11-29 13:07:20+00:00,1cf4e2b93527,site-2,13.17%,16.37GiB / 246.6GiB
2025-11-29 13:07:20+00:00,f0299ef4ad8e,site-4,14.59%,16.19GiB / 246.6GiB
2025-11-29 13:07:20+00:00,09ba41e96841,site-3,13.91%,16.43GiB / 246.6GiB
2025-11-29 13:07:20+00:00,87633adfad36,site-6,14.25%,16.43GiB / 246.6GiB
2025-11-29 13:07:28+00:00,278c86848d68,site-1,16.00%,16.55GiB / 246.6GiB
2025-11-29 13:07:28+00:00,2356666b517a,site-5,14.12%,15.34GiB / 246.6GiB
2025-11-29 13:07:28+00:00,e201cdd8f6d4,server1,168.57%,107.6GiB / 246.6GiB
2025-11-29 13:07:28+00:00,1cf4e2b93527,site-2,13.25%,16.37GiB / 246.6GiB
2025-11-29 13:07:28+00:00,f0299ef4ad8e,site-4,14.35%,16.19GiB / 246.6GiB
2025-11-29 13:07:28+00:00,09ba41e96841,site-3,13.88%,16.43GiB / 246.6GiB
2025-11-29 13:07:28+00:00,87633adfad36,site-6,13.37%,16.42GiB / 246.6GiB
2025-11-29 13:07:35+00:00,278c86848d68,site-1,15.96%,16.55GiB / 246.6GiB
2025-11-29 13:07:35+00:00,2356666b517a,site-5,0.45%,15.34GiB / 246.6GiB
2025-11-29 13:07:35+00:00,e201cdd8f6d4,server1,117.40%,108.6GiB / 246.6GiB
2025-11-29 13:07:35+00:00,1cf4e2b93527,site-2,0.42%,16.36GiB / 246.6GiB
2025-11-29 13:07:35+00:00,f0299ef4ad8e,site-4,0.45%,16.19GiB / 246.6GiB
2025-11-29 13:07:35+00:00,09ba41e96841,site-3,0.16%,16.42GiB / 246.6GiB
2025-11-29 13:07:35+00:00,87633adfad36,site-6,1.00%,16.42GiB / 246.6GiB
2025-11-29 13:07:43+00:00,278c86848d68,site-1,12.54%,16.55GiB / 246.6GiB
2025-11-29 13:07:43+00:00,2356666b517a,site-5,10.88%,15.34GiB / 246.6GiB
2025-11-29 13:07:43+00:00,e201cdd8f6d4,server1,228.87%,99.9GiB / 246.6GiB
2025-11-29 13:07:43+00:00,1cf4e2b93527,site-2,11.13%,16.36GiB / 246.6GiB
2025-11-29 13:07:43+00:00,f0299ef4ad8e,site-4,10.64%,16.19GiB / 246.6GiB
2025-11-29 13:07:43+00:00,09ba41e96841,site-3,0.18%,16.42GiB / 246.6GiB
2025-11-29 13:07:43+00:00,87633adfad36,site-6,13.40%,16.42GiB / 246.6GiB
2025-11-29 13:07:50+00:00,278c86848d68,site-1,0.14%,16.55GiB / 246.6GiB
2025-11-29 13:07:50+00:00,2356666b517a,site-5,0.13%,15.34GiB / 246.6GiB
2025-11-29 13:07:50+00:00,e201cdd8f6d4,server1,102.01%,104.8GiB / 246.6GiB
2025-11-29 13:07:50+00:00,1cf4e2b93527,site-2,0.13%,16.36GiB / 246.6GiB
2025-11-29 13:07:50+00:00,f0299ef4ad8e,site-4,0.28%,16.19GiB / 246.6GiB
2025-11-29 13:07:50+00:00,09ba41e96841,site-3,0.30%,16.42GiB / 246.6GiB
2025-11-29 13:07:50+00:00,87633adfad36,site-6,0.10%,16.42GiB / 246.6GiB
2025-11-29 13:07:58+00:00,278c86848d68,site-1,0.13%,16.55GiB / 246.6GiB
2025-11-29 13:07:58+00:00,2356666b517a,site-5,0.29%,15.34GiB / 246.6GiB
2025-11-29 13:07:58+00:00,e201cdd8f6d4,server1,102.79%,113.2GiB / 246.6GiB
2025-11-29 13:07:58+00:00,1cf4e2b93527,site-2,0.14%,16.36GiB / 246.6GiB
2025-11-29 13:07:58+00:00,f0299ef4ad8e,site-4,0.12%,16.19GiB / 246.6GiB
2025-11-29 13:07:58+00:00,09ba41e96841,site-3,0.16%,16.42GiB / 246.6GiB
2025-11-29 13:07:58+00:00,87633adfad36,site-6,0.14%,16.42GiB / 246.6GiB
2025-11-29 13:08:05+00:00,278c86848d68,site-1,0.16%,16.55GiB / 246.6GiB
2025-11-29 13:08:05+00:00,2356666b517a,site-5,0.14%,15.34GiB / 246.6GiB
2025-11-29 13:08:05+00:00,e201cdd8f6d4,server1,102.38%,121.1GiB / 246.6GiB
2025-11-29 13:08:05+00:00,1cf4e2b93527,site-2,0.13%,16.36GiB / 246.6GiB
2025-11-29 13:08:05+00:00,f0299ef4ad8e,site-4,0.16%,16.19GiB / 246.6GiB
2025-11-29 13:08:05+00:00,09ba41e96841,site-3,0.14%,16.42GiB / 246.6GiB
2025-11-29 13:08:05+00:00,87633adfad36,site-6,0.13%,16.42GiB / 246.6GiB
2025-11-29 13:08:13+00:00,278c86848d68,site-1,0.14%,16.55GiB / 246.6GiB
2025-11-29 13:08:13+00:00,2356666b517a,site-5,0.28%,15.34GiB / 246.6GiB
2025-11-29 13:08:13+00:00,e201cdd8f6d4,server1,126.52%,123.8GiB / 246.6GiB
2025-11-29 13:08:13+00:00,1cf4e2b93527,site-2,0.13%,16.36GiB / 246.6GiB
2025-11-29 13:08:13+00:00,f0299ef4ad8e,site-4,0.33%,16.19GiB / 246.6GiB
2025-11-29 13:08:13+00:00,09ba41e96841,site-3,0.25%,16.42GiB / 246.6GiB
2025-11-29 13:08:13+00:00,87633adfad36,site-6,0.15%,16.42GiB / 246.6GiB
2025-11-29 13:08:20+00:00,278c86848d68,site-1,0.20%,16.55GiB / 246.6GiB
2025-11-29 13:08:20+00:00,2356666b517a,site-5,0.39%,15.34GiB / 246.6GiB
2025-11-29 13:08:20+00:00,e201cdd8f6d4,server1,97.95%,90.1GiB / 246.6GiB
2025-11-29 13:08:20+00:00,1cf4e2b93527,site-2,0.11%,16.36GiB / 246.6GiB
2025-11-29 13:08:20+00:00,f0299ef4ad8e,site-4,0.26%,16.19GiB / 246.6GiB
2025-11-29 13:08:20+00:00,09ba41e96841,site-3,0.27%,16.42GiB / 246.6GiB
2025-11-29 13:08:20+00:00,87633adfad36,site-6,0.21%,16.42GiB / 246.6GiB
2025-11-29 13:08:28+00:00,278c86848d68,site-1,0.16%,16.55GiB / 246.6GiB
2025-11-29 13:08:28+00:00,2356666b517a,site-5,0.34%,15.34GiB / 246.6GiB
2025-11-29 13:08:28+00:00,e201cdd8f6d4,server1,8.30%,90.16GiB / 246.6GiB
2025-11-29 13:08:28+00:00,1cf4e2b93527,site-2,0.14%,16.36GiB / 246.6GiB
2025-11-29 13:08:28+00:00,f0299ef4ad8e,site-4,0.14%,16.19GiB / 246.6GiB
2025-11-29 13:08:28+00:00,09ba41e96841,site-3,0.33%,16.42GiB / 246.6GiB
2025-11-29 13:08:28+00:00,87633adfad36,site-6,0.31%,16.42GiB / 246.6GiB
2025-11-29 13:08:35+00:00,278c86848d68,site-1,0.16%,16.55GiB / 246.6GiB
2025-11-29 13:08:35+00:00,2356666b517a,site-5,0.16%,15.34GiB / 246.6GiB
2025-11-29 13:08:35+00:00,e201cdd8f6d4,server1,7.79%,90.16GiB / 246.6GiB
2025-11-29 13:08:35+00:00,1cf4e2b93527,site-2,0.15%,16.36GiB / 246.6GiB
2025-11-29 13:08:35+00:00,f0299ef4ad8e,site-4,0.17%,16.19GiB / 246.6GiB
2025-11-29 13:08:35+00:00,09ba41e96841,site-3,0.15%,16.42GiB / 246.6GiB
2025-11-29 13:08:35+00:00,87633adfad36,site-6,0.14%,16.42GiB / 246.6GiB
2025-11-29 13:08:43+00:00,278c86848d68,site-1,0.16%,16.55GiB / 246.6GiB
2025-11-29 13:08:43+00:00,2356666b517a,site-5,0.31%,15.34GiB / 246.6GiB
2025-11-29 13:08:43+00:00,e201cdd8f6d4,server1,7.33%,90.16GiB / 246.6GiB
2025-11-29 13:08:43+00:00,1cf4e2b93527,site-2,0.13%,16.36GiB / 246.6GiB
2025-11-29 13:08:43+00:00,f0299ef4ad8e,site-4,0.17%,16.19GiB / 246.6GiB
2025-11-29 13:08:43+00:00,09ba41e96841,site-3,0.29%,16.42GiB / 246.6GiB
2025-11-29 13:08:43+00:00,87633adfad36,site-6,0.13%,16.42GiB / 246.6GiB
2025-11-29 13:08:51+00:00,278c86848d68,site-1,0.17%,16.55GiB / 246.6GiB
2025-11-29 13:08:51+00:00,2356666b517a,site-5,0.20%,15.34GiB / 246.6GiB
2025-11-29 13:08:51+00:00,e201cdd8f6d4,server1,72.04%,90.77GiB / 246.6GiB
2025-11-29 13:08:51+00:00,1cf4e2b93527,site-2,0.18%,16.36GiB / 246.6GiB
2025-11-29 13:08:51+00:00,f0299ef4ad8e,site-4,0.19%,16.19GiB / 246.6GiB
2025-11-29 13:08:51+00:00,09ba41e96841,site-3,0.17%,16.42GiB / 246.6GiB
2025-11-29 13:08:51+00:00,87633adfad36,site-6,0.18%,16.42GiB / 246.6GiB
2025-11-29 13:08:58+00:00,278c86848d68,site-1,0.16%,16.55GiB / 246.6GiB
2025-11-29 13:08:58+00:00,2356666b517a,site-5,0.31%,15.34GiB / 246.6GiB
2025-11-29 13:08:58+00:00,e201cdd8f6d4,server1,104.40%,97.03GiB / 246.6GiB
2025-11-29 13:08:58+00:00,1cf4e2b93527,site-2,0.17%,16.36GiB / 246.6GiB
2025-11-29 13:08:58+00:00,f0299ef4ad8e,site-4,0.16%,16.19GiB / 246.6GiB
2025-11-29 13:08:58+00:00,09ba41e96841,site-3,0.34%,16.42GiB / 246.6GiB
2025-11-29 13:08:58+00:00,87633adfad36,site-6,0.21%,16.42GiB / 246.6GiB
2025-11-29 13:09:06+00:00,278c86848d68,site-1,24.50%,19.68GiB / 246.6GiB
2025-11-29 13:09:06+00:00,2356666b517a,site-5,19.70%,18.47GiB / 246.6GiB
2025-11-29 13:09:06+00:00,e201cdd8f6d4,server1,183.03%,100.6GiB / 246.6GiB
2025-11-29 13:09:06+00:00,1cf4e2b93527,site-2,19.07%,19.49GiB / 246.6GiB
2025-11-29 13:09:06+00:00,f0299ef4ad8e,site-4,20.36%,19.32GiB / 246.6GiB
2025-11-29 13:09:06+00:00,09ba41e96841,site-3,19.88%,19.55GiB / 246.6GiB
2025-11-29 13:09:06+00:00,87633adfad36,site-6,52.34%,19.55GiB / 246.6GiB
2025-11-29 13:09:13+00:00,278c86848d68,site-1,22.42%,19.68GiB / 246.6GiB
2025-11-29 13:09:13+00:00,2356666b517a,site-5,19.84%,18.47GiB / 246.6GiB
2025-11-29 13:09:13+00:00,e201cdd8f6d4,server1,172.65%,100.6GiB / 246.6GiB
2025-11-29 13:09:13+00:00,1cf4e2b93527,site-2,20.05%,19.49GiB / 246.6GiB
2025-11-29 13:09:13+00:00,f0299ef4ad8e,site-4,17.45%,19.32GiB / 246.6GiB
2025-11-29 13:09:13+00:00,09ba41e96841,site-3,23.35%,19.55GiB / 246.6GiB
2025-11-29 13:09:13+00:00,87633adfad36,site-6,27.11%,19.55GiB / 246.6GiB
2025-11-29 13:09:21+00:00,278c86848d68,site-1,21.61%,19.68GiB / 246.6GiB
2025-11-29 13:09:21+00:00,2356666b517a,site-5,17.68%,18.47GiB / 246.6GiB
2025-11-29 13:09:21+00:00,e201cdd8f6d4,server1,164.31%,100.6GiB / 246.6GiB
2025-11-29 13:09:21+00:00,1cf4e2b93527,site-2,21.22%,19.49GiB / 246.6GiB
2025-11-29 13:09:21+00:00,f0299ef4ad8e,site-4,20.03%,19.32GiB / 246.6GiB
2025-11-29 13:09:21+00:00,09ba41e96841,site-3,19.68%,19.55GiB / 246.6GiB
2025-11-29 13:09:21+00:00,87633adfad36,site-6,25.17%,19.55GiB / 246.6GiB
2025-11-29 13:09:28+00:00,278c86848d68,site-1,21.18%,19.68GiB / 246.6GiB
2025-11-29 13:09:28+00:00,2356666b517a,site-5,17.94%,18.47GiB / 246.6GiB
2025-11-29 13:09:28+00:00,e201cdd8f6d4,server1,172.09%,100.6GiB / 246.6GiB
2025-11-29 13:09:28+00:00,1cf4e2b93527,site-2,32.71%,19.49GiB / 246.6GiB
2025-11-29 13:09:28+00:00,f0299ef4ad8e,site-4,18.07%,19.32GiB / 246.6GiB
2025-11-29 13:09:28+00:00,09ba41e96841,site-3,24.39%,19.55GiB / 246.6GiB
2025-11-29 13:09:28+00:00,87633adfad36,site-6,25.54%,19.55GiB / 246.6GiB
2025-11-29 13:09:36+00:00,278c86848d68,site-1,77.97%,16.55GiB / 246.6GiB
2025-11-29 13:09:36+00:00,2356666b517a,site-5,188.35%,16.5GiB / 246.6GiB
2025-11-29 13:09:36+00:00,e201cdd8f6d4,server1,162.53%,103.7GiB / 246.6GiB
2025-11-29 13:09:36+00:00,1cf4e2b93527,site-2,101.38%,23.68GiB / 246.6GiB
2025-11-29 13:09:36+00:00,f0299ef4ad8e,site-4,100.59%,16.54GiB / 246.6GiB
2025-11-29 13:09:36+00:00,09ba41e96841,site-3,100.51%,16.21GiB / 246.6GiB
2025-11-29 13:09:36+00:00,87633adfad36,site-6,100.86%,22.68GiB / 246.6GiB
2025-11-29 13:09:43+00:00,278c86848d68,site-1,2.91%,16.55GiB / 246.6GiB
2025-11-29 13:09:43+00:00,2356666b517a,site-5,2.70%,16.5GiB / 246.6GiB
2025-11-29 13:09:43+00:00,e201cdd8f6d4,server1,121.91%,114.1GiB / 246.6GiB
2025-11-29 13:09:43+00:00,1cf4e2b93527,site-2,2.11%,19.14GiB / 246.6GiB
2025-11-29 13:09:43+00:00,f0299ef4ad8e,site-4,2.60%,16.54GiB / 246.6GiB
2025-11-29 13:09:43+00:00,09ba41e96841,site-3,2.28%,16.21GiB / 246.6GiB
2025-11-29 13:09:43+00:00,87633adfad36,site-6,58.79%,16.47GiB / 246.6GiB
2025-11-29 13:09:51+00:00,278c86848d68,site-1,13.82%,16.55GiB / 246.6GiB
2025-11-29 13:09:51+00:00,2356666b517a,site-5,13.07%,16.5GiB / 246.6GiB
2025-11-29 13:09:51+00:00,e201cdd8f6d4,server1,159.84%,115.9GiB / 246.6GiB
2025-11-29 13:09:51+00:00,1cf4e2b93527,site-2,13.20%,19.15GiB / 246.6GiB
2025-11-29 13:09:51+00:00,f0299ef4ad8e,site-4,15.39%,16.55GiB / 246.6GiB
2025-11-29 13:09:51+00:00,09ba41e96841,site-3,13.27%,16.21GiB / 246.6GiB
2025-11-29 13:09:51+00:00,87633adfad36,site-6,15.21%,16.47GiB / 246.6GiB
2025-11-29 13:09:59+00:00,278c86848d68,site-1,13.29%,16.55GiB / 246.6GiB
2025-11-29 13:09:59+00:00,2356666b517a,site-5,13.73%,16.5GiB / 246.6GiB
2025-11-29 13:09:59+00:00,e201cdd8f6d4,server1,160.50%,115.9GiB / 246.6GiB
2025-11-29 13:09:59+00:00,1cf4e2b93527,site-2,12.79%,19.15GiB / 246.6GiB
2025-11-29 13:09:59+00:00,f0299ef4ad8e,site-4,12.81%,16.55GiB / 246.6GiB
2025-11-29 13:09:59+00:00,09ba41e96841,site-3,13.65%,16.21GiB / 246.6GiB
2025-11-29 13:09:59+00:00,87633adfad36,site-6,12.84%,16.47GiB / 246.6GiB
2025-11-29 13:10:06+00:00,278c86848d68,site-1,13.60%,16.55GiB / 246.6GiB
2025-11-29 13:10:06+00:00,2356666b517a,site-5,14.78%,16.5GiB / 246.6GiB
2025-11-29 13:10:06+00:00,e201cdd8f6d4,server1,159.94%,115.9GiB / 246.6GiB
2025-11-29 13:10:06+00:00,1cf4e2b93527,site-2,12.91%,19.15GiB / 246.6GiB
2025-11-29 13:10:06+00:00,f0299ef4ad8e,site-4,13.66%,16.55GiB / 246.6GiB
2025-11-29 13:10:06+00:00,09ba41e96841,site-3,13.47%,16.21GiB / 246.6GiB
2025-11-29 13:10:06+00:00,87633adfad36,site-6,13.51%,16.47GiB / 246.6GiB
2025-11-29 13:10:14+00:00,278c86848d68,site-1,13.55%,16.55GiB / 246.6GiB
2025-11-29 13:10:14+00:00,2356666b517a,site-5,13.45%,16.5GiB / 246.6GiB
2025-11-29 13:10:14+00:00,e201cdd8f6d4,server1,158.34%,115.9GiB / 246.6GiB
2025-11-29 13:10:14+00:00,1cf4e2b93527,site-2,13.06%,19.15GiB / 246.6GiB
2025-11-29 13:10:14+00:00,f0299ef4ad8e,site-4,13.90%,16.54GiB / 246.6GiB
2025-11-29 13:10:14+00:00,09ba41e96841,site-3,14.10%,16.21GiB / 246.6GiB
2025-11-29 13:10:14+00:00,87633adfad36,site-6,13.65%,16.47GiB / 246.6GiB
2025-11-29 13:10:21+00:00,278c86848d68,site-1,0.31%,16.55GiB / 246.6GiB
2025-11-29 13:10:21+00:00,2356666b517a,site-5,3.47%,16.5GiB / 246.6GiB
2025-11-29 13:10:21+00:00,e201cdd8f6d4,server1,129.53%,121.5GiB / 246.6GiB
2025-11-29 13:10:21+00:00,1cf4e2b93527,site-2,4.50%,19.15GiB / 246.6GiB
2025-11-29 13:10:21+00:00,f0299ef4ad8e,site-4,4.15%,16.54GiB / 246.6GiB
2025-11-29 13:10:21+00:00,09ba41e96841,site-3,4.82%,16.21GiB / 246.6GiB
2025-11-29 13:10:21+00:00,87633adfad36,site-6,1.09%,16.47GiB / 246.6GiB
2025-11-29 13:10:29+00:00,278c86848d68,site-1,0.37%,16.55GiB / 246.6GiB
2025-11-29 13:10:29+00:00,2356666b517a,site-5,0.14%,16.5GiB / 246.6GiB
2025-11-29 13:10:29+00:00,e201cdd8f6d4,server1,102.23%,111GiB / 246.6GiB
2025-11-29 13:10:29+00:00,1cf4e2b93527,site-2,0.33%,19.14GiB / 246.6GiB
2025-11-29 13:10:29+00:00,f0299ef4ad8e,site-4,0.14%,16.54GiB / 246.6GiB
2025-11-29 13:10:29+00:00,09ba41e96841,site-3,0.25%,16.21GiB / 246.6GiB
2025-11-29 13:10:29+00:00,87633adfad36,site-6,12.93%,16.47GiB / 246.6GiB
2025-11-29 13:10:36+00:00,278c86848d68,site-1,0.26%,16.55GiB / 246.6GiB
2025-11-29 13:10:36+00:00,2356666b517a,site-5,0.12%,16.5GiB / 246.6GiB
2025-11-29 13:10:36+00:00,e201cdd8f6d4,server1,103.42%,118.5GiB / 246.6GiB
2025-11-29 13:10:36+00:00,1cf4e2b93527,site-2,0.24%,19.14GiB / 246.6GiB
2025-11-29 13:10:36+00:00,f0299ef4ad8e,site-4,0.11%,16.54GiB / 246.6GiB
2025-11-29 13:10:36+00:00,09ba41e96841,site-3,0.10%,16.21GiB / 246.6GiB
2025-11-29 13:10:36+00:00,87633adfad36,site-6,0.12%,16.47GiB / 246.6GiB
2025-11-29 13:10:44+00:00,278c86848d68,site-1,0.11%,16.55GiB / 246.6GiB
2025-11-29 13:10:44+00:00,2356666b517a,site-5,0.10%,16.5GiB / 246.6GiB
2025-11-29 13:10:44+00:00,e201cdd8f6d4,server1,103.41%,128.2GiB / 246.6GiB
2025-11-29 13:10:44+00:00,1cf4e2b93527,site-2,0.09%,19.14GiB / 246.6GiB
2025-11-29 13:10:44+00:00,f0299ef4ad8e,site-4,0.12%,16.54GiB / 246.6GiB
2025-11-29 13:10:44+00:00,09ba41e96841,site-3,0.27%,16.21GiB / 246.6GiB
2025-11-29 13:10:44+00:00,87633adfad36,site-6,0.12%,16.47GiB / 246.6GiB
2025-11-29 13:10:51+00:00,278c86848d68,site-1,0.48%,16.55GiB / 246.6GiB
2025-11-29 13:10:51+00:00,2356666b517a,site-5,0.32%,16.5GiB / 246.6GiB
2025-11-29 13:10:51+00:00,e201cdd8f6d4,server1,258.26%,137.8GiB / 246.6GiB
2025-11-29 13:10:51+00:00,1cf4e2b93527,site-2,0.15%,19.14GiB / 246.6GiB
2025-11-29 13:10:51+00:00,f0299ef4ad8e,site-4,0.14%,16.54GiB / 246.6GiB
2025-11-29 13:10:51+00:00,09ba41e96841,site-3,0.16%,16.21GiB / 246.6GiB
2025-11-29 13:10:51+00:00,87633adfad36,site-6,0.32%,16.47GiB / 246.6GiB
